Date;Predicted_Real_2y;Predicted_Real_5y;Predicted_Real_10y;Predicted_Real_30y;5y5y_approx;Predicted_BEi_2y;Predicted_BEi_5y;Predicted_BEi_10y;Predicted_BEi_30y;5y5y_approx
01-03-1959;NaN;1,9934;2,2126;NaN;2,4317;NaN;2;1,78;NaN;1,56
01-04-1959;NaN;2,1602;2,3154;NaN;2,4706;NaN;1,96;1,8;NaN;1,65
01-05-1959;NaN;2,2789;2,4183;NaN;2,5577;NaN;2,07;1,89;NaN;1,71
01-06-1959;NaN;2,0114;2,2242;NaN;2,437;NaN;2,49;2,12;NaN;1,74
01-07-1959;NaN;1,3301;1,4948;NaN;1,6596;NaN;3,25;2,91;NaN;2,56
01-08-1959;NaN;0,7664;0,9306;NaN;1,0947;NaN;3,8;3,5;NaN;3,2
01-09-1959;NaN;1,1968;1,0129;NaN;0,829;NaN;3,7;3,67;NaN;3,63
01-10-1959;NaN;1,9193;1,7693;NaN;1,6193;NaN;2,8;2,76;NaN;2,72
01-11-1959;NaN;2,6811;2,4222;NaN;2,1633;NaN;2,07;2,11;NaN;2,15
01-12-1959;NaN;3,39;3,1054;NaN;2,8208;NaN;1,62;1,58;NaN;1,55
01-01-1960;NaN;4,6763;4,3226;NaN;3,969;NaN;0,24;0,4;NaN;0,55
01-02-1960;NaN;4,3418;4,1946;NaN;4,0475;NaN;0,35;0,3;NaN;0,24
01-03-1960;NaN;3,9075;3,7964;NaN;3,6853;NaN;0,4;0,45;NaN;0,5
01-04-1960;NaN;4,0128;4,0877;NaN;4,1627;NaN;0,28;0,19;NaN;0,11
01-05-1960;NaN;3,6731;3,4748;NaN;3,2765;NaN;0,82;0,88;NaN;0,93
01-06-1960;NaN;3,284;3,4179;NaN;3,5517;NaN;0,84;0,73;NaN;0,63
01-07-1960;NaN;2,9247;2,8566;NaN;2,7884;NaN;0,87;1,04;NaN;1,22
01-08-1960;NaN;2,959;2,993;NaN;3,027;NaN;0,66;0,81;NaN;0,95
01-09-1960;NaN;3,1022;3,1067;NaN;3,1113;NaN;0,51;0,69;NaN;0,88
01-10-1960;NaN;2,9979;2,9226;NaN;2,8472;NaN;0,76;0,97;NaN;1,17
01-11-1960;NaN;2,8112;2,8658;NaN;2,9203;NaN;1;1,06;NaN;1,13
01-12-1960;NaN;2,4592;2,3691;NaN;2,279;NaN;1,21;1,47;NaN;1,73
01-01-1961;NaN;2,1967;2,0926;NaN;1,9885;NaN;1,47;1,75;NaN;2,02
01-02-1961;NaN;2,0737;2,0826;NaN;2,0916;NaN;1,59;1,7;NaN;1,81
01-03-1961;NaN;1,7349;1,8508;NaN;1,9668;NaN;1,87;1,89;NaN;1,91
01-04-1961;NaN;2,39;2,2094;NaN;2,0289;NaN;1,18;1,57;NaN;1,96
01-05-1961;NaN;2,5329;2,3978;NaN;2,2627;NaN;0,94;1,31;NaN;1,69
01-06-1961;2,8106;2,4932;2,1339;NaN;1,7746;0,49;1,32;1,75;NaN;2,18
01-07-1961;2,6954;2,2141;2,1832;NaN;2,1523;0,55;1,63;1,74;NaN;1,85
01-08-1961;2,4164;2,042;2,0915;NaN;2,141;1;1,92;1,95;NaN;1,98
01-09-1961;2,5654;1,9688;1,9718;NaN;1,9747;0,78;1,93;2,01;NaN;2,09
01-10-1961;2,6997;2,1049;2,1036;NaN;2,1022;0,56;1,7;1,82;NaN;1,94
01-11-1961;3,1168;2,6088;2,7916;NaN;2,9743;0,21;1,21;1,15;NaN;1,09
01-12-1961;2,8551;2,2473;2,3574;NaN;2,4674;0,59;1,66;1,7;NaN;1,74
01-01-1962;3,3599;2,3246;2,4799;NaN;2,6352;0,23;1,62;1,6;NaN;1,58
01-02-1962;2,5785;2,0206;2,2312;NaN;2,4417;0,79;1,87;1,81;NaN;1,75
01-03-1962;2,5003;2,0398;2,3818;NaN;2,7239;0,68;1,64;1,55;NaN;1,46
01-04-1962;2,3502;2,2323;2,482;NaN;2,7316;0,91;1,37;1,36;NaN;1,35
01-05-1962;2,5395;2,1324;2,2178;NaN;2,3033;0,62;1,53;1,65;NaN;1,78
01-06-1962;2,5973;2,0094;2,1034;NaN;2,1974;0,73;1,63;1,81;NaN;1,98
01-07-1962;2,8584;2,4673;2,3897;NaN;2,3121;0,56;1,33;1,62;NaN;1,91
01-08-1962;2,7812;2,426;2,4113;NaN;2,3965;0,38;1,28;1,57;NaN;1,85
01-09-1962;2,5804;2,5383;2,6571;NaN;2,7759;0,51;1,16;1,32;NaN;1,48
01-10-1962;2,4439;2,3013;2,4738;NaN;2,6463;0,67;1,34;1,46;NaN;1,57
01-11-1962;2,6283;2,2056;2,4817;NaN;2,7578;0,55;1,39;1,44;NaN;1,48
01-12-1962;3,0673;2,44;2,6119;NaN;2,7838;0,13;1,12;1,25;NaN;1,38
01-01-1963;2,7581;2,1185;2,2175;NaN;2,3164;0,42;1,46;1,61;NaN;1,76
01-02-1963;2,7231;2,4589;2,4698;NaN;2,4808;0,46;1,2;1,45;NaN;1,7
01-03-1963;2,4666;2,342;2,3358;NaN;2,3295;0,77;1,34;1,59;NaN;1,85
01-04-1963;2,2171;2,3083;2,4293;NaN;2,5503;1,02;1,43;1,54;NaN;1,65
01-05-1963;2,4814;2,4588;2,5143;NaN;2,5698;0,82;1,26;1,42;NaN;1,57
01-06-1963;2,7404;2,6806;2,6481;NaN;2,6155;0,58;1,13;1,34;NaN;1,55
01-07-1963;3,0524;2,6368;2,5463;NaN;2,4558;0,5;1,25;1,47;NaN;1,69
01-08-1963;3,2867;2,6786;2,8215;NaN;2,9645;0,34;1,21;1,18;NaN;1,15
01-09-1963;2,9989;2,7946;2,8418;NaN;2,8891;0,61;1,17;1,24;NaN;1,31
01-10-1963;2,864;2,7106;2,737;NaN;2,7634;0,83;1,26;1,37;NaN;1,49
01-11-1963;3,1553;2,9996;2,9069;NaN;2,8142;0,58;1,01;1,21;NaN;1,42
01-12-1963;3,2687;3,1143;2,9901;NaN;2,8659;0,58;0,93;1,14;NaN;1,35
01-01-1964;3,8224;3,3111;3,3016;NaN;3,2922;-0,03;0,76;0,87;NaN;0,98
01-02-1964;3,0704;2,9843;2,9589;NaN;2,9334;0,87;1,05;1,19;NaN;1,34
01-03-1964;2,824;2,7944;2,8384;NaN;2,8824;1,21;1,35;1,38;NaN;1,42
01-04-1964;3,4344;3,3715;3,1439;NaN;2,9164;0,46;0,78;1,09;NaN;1,39
01-05-1964;3,2699;3,0141;2,9828;NaN;2,9515;0,6;1,04;1,22;NaN;1,4
01-06-1964;3,224;2,7615;2,6073;NaN;2,4531;0,58;1,26;1,56;NaN;1,87
01-07-1964;3,1097;2,9041;3,0113;NaN;3,1185;0,59;1,13;1,18;NaN;1,23
01-08-1964;2,8457;2,7086;2,7018;NaN;2,695;0,95;1,34;1,49;NaN;1,63
01-09-1964;2,3533;2,4299;2,4451;NaN;2,4603;1,5;1,65;1,75;NaN;1,86
01-10-1964;3,186;2,7521;2,6006;NaN;2,4492;0,68;1,32;1,59;NaN;1,86
01-11-1964;2,2882;2,2498;2,2458;NaN;2,2417;1,76;1,79;1,9;NaN;2,02
01-12-1964;2,4163;2,2211;2,2258;NaN;2,2304;1,51;1,87;1,95;NaN;2,04
01-01-1965;2,2781;2,096;2,1161;NaN;2,1362;1,63;2;2,07;NaN;2,14
01-02-1965;3,1514;2,8357;2,7929;NaN;2,7502;0,85;1,31;1,42;NaN;1,52
01-03-1965;3,2849;3,0404;2,9821;NaN;2,9238;0,69;1,11;1,23;NaN;1,35
01-04-1965;3,0971;2,7499;2,8403;NaN;2,9308;0,87;1,4;1,36;NaN;1,32
01-05-1965;2,7431;2,8494;2,8564;NaN;2,8634;1,22;1,3;1,35;NaN;1,41
01-06-1965;2,6563;2,7534;2,7339;NaN;2,7145;1,23;1,4;1,48;NaN;1,56
01-07-1965;2,4981;2,4541;2,5137;NaN;2,5732;1,45;1,7;1,69;NaN;1,68
01-08-1965;2,7575;2,6763;2,6976;NaN;2,7188;1,31;1,52;1,55;NaN;1,58
01-09-1965;3,3288;3,1398;3,0871;NaN;3,0344;0,89;1,11;1,2;NaN;1,3
01-10-1965;3,1044;3,0737;3,0878;NaN;3,102;1,11;1,27;1,26;NaN;1,26
01-11-1965;3,065;2,7243;2,725;NaN;2,7257;1,25;1,74;1,73;NaN;1,71
01-12-1965;2,5999;2,3978;2,4153;NaN;2,4328;2,21;2,32;2,2;NaN;2,09
01-01-1966;2,9014;2,3403;2,4161;NaN;2,492;1,92;2,52;2,19;NaN;1,87
01-02-1966;2,6731;2,3669;2,3106;NaN;2,2543;2,27;2,61;2,52;NaN;2,43
01-03-1966;2,9202;2,5552;2,3193;NaN;2,0834;1,84;2,36;2,55;NaN;2,74
01-04-1966;3,2427;2,5655;2,4019;NaN;2,2383;1,58;2,26;2,35;NaN;2,43
01-05-1966;3,0084;2,5969;2,4058;NaN;2,2148;1,95;2,29;2,37;NaN;2,46
01-06-1966;2,2222;2,2498;2,1635;NaN;2,0773;2,83;2,72;2,65;NaN;2,57
01-07-1966;2,5903;2,8235;2,6944;NaN;2,5653;2,59;2,35;2,33;NaN;2,3
01-08-1966;2,2894;2,4755;2,3341;NaN;2,1928;3,37;3,02;2,89;NaN;2,75
01-09-1966;3,0884;2,7898;2,5936;NaN;2,3974;2,27;2,71;2,59;NaN;2,46
01-10-1966;2,7153;2,0241;1,9173;NaN;1,8104;2,54;3,25;3,09;NaN;2,94
01-11-1966;2,8742;2,363;2,2524;NaN;2,1418;2,42;3;2,91;NaN;2,82
01-12-1966;2,5336;1,9042;1,8912;NaN;1,8783;2,26;3,1;2,95;NaN;2,8
01-01-1967;3,1044;2,1187;1,9543;NaN;1,7899;1,42;2,58;2,63;NaN;2,67
01-02-1967;3,0286;2,2447;2,1592;NaN;2,0737;1,62;2,5;2,47;NaN;2,45
01-03-1967;2,9126;1,84;1,9218;NaN;2,0035;1,23;2,7;2,62;NaN;2,54
01-04-1967;2,7345;1,8923;1,8995;NaN;1,9067;1,52;2,62;2,69;NaN;2,76
01-05-1967;2,8074;2,1092;2,191;NaN;2,2728;1,55;2,64;2,66;NaN;2,68
01-06-1967;2,3455;2,195;2,0816;NaN;1,9683;2,71;2,82;2,94;NaN;3,06
01-07-1967;2,7361;2,2667;2,2103;NaN;2,1538;2,26;2,96;2,95;NaN;2,94
01-08-1967;3,0608;2,5973;2,3506;NaN;2,1039;2,13;2,71;2,93;NaN;3,15
01-09-1967;3,0968;2,3696;2,1556;NaN;1,9417;2,16;3,03;3,14;NaN;3,26
01-10-1967;3,0157;2,1863;1,8272;NaN;1,4681;2,43;3,38;3,65;NaN;3,92
01-11-1967;2,7288;2,0237;1,7267;NaN;1,4296;2,81;3,76;4,02;NaN;4,29
01-12-1967;2,7722;2,4661;2,2082;NaN;1,9503;2,89;3,28;3,49;NaN;3,7
01-01-1968;3,9581;2,902;2,7801;NaN;2,6583;1,38;2,64;2,75;NaN;2,86
01-02-1968;3,3998;2,8006;2,6955;NaN;2,5903;2,06;2,79;2,86;NaN;2,94
01-03-1968;3,4788;3,1275;3,011;NaN;2,8944;2,13;2,63;2,73;NaN;2,83
01-04-1968;2,8299;2,904;3,0894;NaN;3,2749;2,87;2,79;2,55;NaN;2,32
01-05-1968;2,0987;2,3145;2,4308;NaN;2,5471;3,73;3,73;3,44;NaN;3,15
01-06-1968;2,2269;2,1633;2,25;NaN;2,3367;3,37;3,69;3,47;NaN;3,25
01-07-1968;2,3371;2,4108;2,4122;NaN;2,4136;2,87;3,19;3,09;NaN;2,99
01-08-1968;2,0868;2,4082;2,4591;NaN;2,51;3,04;3,09;2,96;NaN;2,83
01-09-1968;1,64;1,9455;2,1294;NaN;2,3133;3,53;3,53;3,33;NaN;3,13
01-10-1968;1,6368;1,8483;2,1592;NaN;2,4701;3,62;3,7;3,42;NaN;3,14
01-11-1968;1,7028;2,1299;2,3594;NaN;2,5889;3,7;3,53;3,34;NaN;3,15
01-12-1968;2,0793;2,4038;2,5981;NaN;2,7923;4,05;3,72;3,43;NaN;3,15
01-01-1969;2,3502;2,4552;2,4864;NaN;2,5175;3,72;3,79;3,55;NaN;3,31
01-02-1969;2,5582;2,8696;2,9262;NaN;2,9829;3,87;3,47;3,26;NaN;3,06
01-03-1969;2,28;2,7301;2,7599;NaN;2,7898;3,91;3,68;3,54;NaN;3,4
01-04-1969;1,982;2,641;2,8134;NaN;2,9858;4,19;3,66;3,36;NaN;3,05
01-05-1969;1,398;2,8996;3,1898;NaN;3,48;5,25;3,64;3,13;NaN;2,62
01-06-1969;1,8166;3,5492;3,5708;NaN;3,5923;5,5;3,2;3;NaN;2,8
01-07-1969;2,8013;4,0103;3,7743;NaN;3,5384;4,69;3;2,95;NaN;2,89
01-08-1969;3,2351;4,4095;4,1117;NaN;3,814;4,24;2,62;2,58;NaN;2,54
01-09-1969;2,9172;4,6529;4,2948;NaN;3,9368;5,12;2,92;2,87;NaN;2,81
01-10-1969;3,3634;4,5986;4,4772;NaN;4,3559;4,1;2,91;2,62;NaN;2,33
01-11-1969;3,2462;4,5345;4,3497;NaN;4,1648;4,48;3;2,79;NaN;2,59
01-12-1969;3,6869;4,6431;4,5209;NaN;4,3988;4,6;3,32;3,13;NaN;2,94
01-01-1970;3,526;4,3809;4,1593;NaN;3,9376;4,67;3,79;3,63;NaN;3,47
01-02-1970;3,0297;4,3236;4,0439;NaN;3,7642;4,16;3,5;3,2;NaN;2,9
01-03-1970;3,1931;4,1145;3,933;NaN;3,7515;3,84;3,1;3,14;NaN;3,18
01-04-1970;3,1441;4,683;4,4748;NaN;4,2667;4,68;2,82;2,92;NaN;3,01
01-05-1970;3,2628;4,869;4,5235;NaN;4,178;4,6;3,1;3,39;NaN;3,67
01-06-1970;4,0425;4,7848;4,5292;NaN;4,2736;3,62;3,07;3,31;NaN;3,56
01-07-1970;4,3259;4,4989;4,2398;NaN;3,9808;3,07;3,09;3,22;NaN;3,35
01-08-1970;4,3354;4,3217;4,2012;NaN;4,0808;2,87;3,25;3,33;NaN;3,41
01-09-1970;3,8846;4,0102;4,0271;NaN;4,044;2,96;3,28;3,36;NaN;3,45
01-10-1970;3,602;3,656;3,7936;NaN;3,9312;3,15;3,46;3,54;NaN;3,61
01-11-1970;2,8741;2,8819;3,0994;NaN;3,317;2,58;3,59;3,74;NaN;3,89
01-12-1970;1,39;1,9433;2,3536;NaN;2,7639;4,16;4,01;4,04;NaN;4,07
01-01-1971;1,4414;1,9116;2,3063;NaN;2,701;3,37;3,98;3,93;NaN;3,89
01-02-1971;1,3339;1,4256;2,1932;NaN;2,9609;3;4,13;3,92;NaN;3,7
01-03-1971;1,5069;1,6084;2,4147;NaN;3,221;2,75;3,39;3,29;NaN;3,18
01-04-1971;1,0373;1,4352;2,1414;NaN;2,8476;4,35;4,21;3,69;NaN;3,16
01-05-1971;1,2204;2,3385;2,7338;NaN;3,1291;4,33;3,94;3,66;NaN;3,37
01-06-1971;1,7873;2,4787;2,745;NaN;3,0114;4,77;4,05;3,77;NaN;3,5
01-07-1971;2,0413;2,1219;2,4585;NaN;2,7952;4,54;4,73;4,27;NaN;3,81
01-08-1971;2,0952;1,9648;2,3905;NaN;2,8162;3,5;4,59;4,19;NaN;3,79
01-09-1971;1,7784;2,112;2,6714;NaN;3,2308;3,8;4,03;3,47;NaN;2,91
01-10-1971;2,1977;2,6227;3,1618;NaN;3,7008;2,83;3,31;2,77;NaN;2,23
01-11-1971;1,6595;2,5099;2,9391;NaN;3,3683;3,45;3,27;2,87;NaN;2,47
01-12-1971;1,8049;2,5195;2,9693;NaN;3,419;3,03;3,17;2,96;NaN;2,75
01-01-1972;1,6042;2,6152;3,1815;NaN;3,7477;3,35;2,97;2,77;NaN;2,56
01-02-1972;1,5118;2,741;3,4508;NaN;4,1607;3,37;2,95;2,63;NaN;2,31
01-03-1972;1,5323;2,6989;3,4386;NaN;4,1783;4,1;3,17;2,63;NaN;2,09
01-04-1972;1,7004;2,9162;3,38;NaN;3,8439;3,52;3,25;2,81;NaN;2,37
01-05-1972;2,1272;2,7662;3,376;NaN;3,9857;2,98;3,08;2,75;NaN;2,42
01-06-1972;1,6206;2,5613;3,0319;NaN;3,5025;3,95;3,35;3,08;NaN;2,81
01-07-1972;2,1946;2,7489;3,2496;NaN;3,7502;3,26;3,22;2,86;NaN;2,5
01-08-1972;2,3565;2,9295;3,4544;NaN;3,9792;3,44;3,09;2,76;NaN;2,42
01-09-1972;2,2975;2,8546;3,3272;NaN;3,7997;3,59;3,4;3,22;NaN;3,05
01-10-1972;2,5746;2,9826;3,4119;NaN;3,8413;3,34;3,2;3,07;NaN;2,94
01-11-1972;2,3809;2,8501;3,4158;NaN;3,9816;3,38;3,27;2,86;NaN;2,46
01-12-1972;1,9675;2,8332;3,4337;NaN;4,0342;4,03;3,33;2,93;NaN;2,53
01-01-1973;2,0468;2,8731;3,4373;NaN;4,0016;4,33;3,47;3,02;NaN;2,58
01-02-1973;1,7813;2,8502;3,2654;NaN;3,6806;4,92;3,75;3,37;NaN;3
01-03-1973;1,7087;2,9925;3,2342;NaN;3,4759;5,28;3,81;3,48;NaN;3,14
01-04-1973;2,0088;2,7545;2,9286;NaN;3,1027;4,81;3,92;3,74;NaN;3,57
01-05-1973;2,2963;3,053;3,3893;NaN;3,7257;4,65;3,75;3,46;NaN;3,17
01-06-1973;2,4324;2,9471;3,4097;NaN;3,8722;4,81;3,74;3,49;NaN;3,24
01-07-1973;3,0428;3,6912;3,9272;NaN;4,1631;5,22;3,64;3,2;NaN;2,77
01-08-1973;2,4034;2,9745;3,1891;NaN;3,4037;5,4;4,66;4,21;NaN;3,77
01-09-1973;3,2268;3,1923;3,4321;NaN;3,6719;3,78;3,86;3,66;NaN;3,46
01-10-1973;0,9829;2,1836;2,5817;NaN;2,9799;5,9;4,59;4,21;NaN;3,83
01-11-1973;0,9474;1,9656;2,4813;NaN;2,997;6;4,95;4,25;NaN;3,54
01-12-1973;0,7427;1,5785;2,011;NaN;2,4436;6,18;5,22;4,73;NaN;4,24
01-01-1974;-1,4385;0,5621;1,1526;NaN;1,7431;8,3;6,39;5,84;NaN;5,29
01-02-1974;-1,8159;0,2749;0,9217;NaN;1,5686;8,76;6,55;6,04;NaN;5,53
01-03-1974;-2,3708;0,0576;0,72;NaN;1,3824;10,27;7,25;6,49;NaN;5,73
01-04-1974;0,6276;1,6036;2,028;NaN;2,4524;7,89;6,32;5,48;NaN;4,65
01-05-1974;0,8165;1,9218;2,3193;NaN;2,7168;7,44;6,26;5,26;NaN;4,26
01-06-1974;1,0709;2,4173;2,7128;NaN;3,0082;7,42;5,68;4,83;NaN;3,97
01-07-1974;0,2793;2,2918;2,5511;NaN;2,8104;8,44;6,09;5,26;NaN;4,43
01-08-1974;0,5001;2,3765;2,5398;NaN;2,7031;8,52;6,25;5,5;NaN;4,75
01-09-1974;0,9877;2,2135;2,3173;NaN;2,4211;7,15;6,16;5,72;NaN;5,29
01-10-1974;-0,0181;1,6944;2,287;NaN;2,8796;7,94;6,28;5,61;NaN;4,95
01-11-1974;-0,5044;0,9615;1,7124;NaN;2,4632;8,04;6,72;5,97;NaN;5,22
01-12-1974;0,8226;1,3113;1,8569;NaN;2,4025;6,46;6;5,57;NaN;5,15
01-01-1975;0,4287;1,8713;2,2313;NaN;2,5913;6,34;5,54;5,27;NaN;5
01-02-1975;-0,06;1,515;2,1788;NaN;2,8425;6,43;5,59;5,21;NaN;4,83
01-03-1975;0,0627;1,7226;2,359;NaN;2,9953;6,79;5,58;5,37;NaN;5,16
01-04-1975;-0,4982;1,3023;1,6755;NaN;2,0487;8,02;6,69;6,55;NaN;6,42
01-05-1975;-0,2002;0,7651;1,303;NaN;1,8409;7,07;6,95;6,76;NaN;6,56
01-06-1975;-0,7517;0,5266;1,2018;NaN;1,8769;8;6,98;6,66;NaN;6,33
01-07-1975;-0,7535;0,8528;1,3812;NaN;1,9097;8,45;7,07;6,68;NaN;6,29
01-08-1975;-0,363;0,9891;1,2216;NaN;1,4541;8,18;7,34;7,18;NaN;7,02
01-09-1975;-0,0575;0,8005;1,058;NaN;1,3156;8,14;7,57;7,37;NaN;7,17
01-10-1975;-0,2823;0,341;0,7392;NaN;1,1374;7,3;7,63;7,4;NaN;7,17
01-11-1975;-0,5131;0,3374;0,8356;NaN;1,3338;7,76;7,46;7,21;NaN;6,97
01-12-1975;-0,8888;0,0847;0,6281;NaN;1,1714;7,67;7,68;7,37;NaN;7,07
01-01-1976;-0,8773;0,199;1,109;NaN;2,019;7,35;7,26;6,63;NaN;6
01-02-1976;-1,2242;0,1958;1,2053;NaN;2,2148;8,05;7,25;6,58;NaN;5,92
01-03-1976;-1,1321;0,1982;1,2209;NaN;2,2436;7,85;7,29;6,51;NaN;5,73
01-04-1976;0,0027;0,6794;1,7321;NaN;2,7848;6,66;6,57;5,83;NaN;5,09
01-05-1976;-0,4085;1,1078;1,8435;NaN;2,5791;7,72;6,48;6,06;NaN;5,63
01-06-1976;0,3841;1,3165;2,0694;NaN;2,8222;6,6;6,29;5,79;NaN;5,29
01-07-1976;0,2588;1,3685;2,1274;NaN;2,8864;6,5;6,12;5,7;NaN;5,28
01-08-1976;0,1223;1,4427;2,1876;NaN;2,9324;6,4;5,87;5,58;NaN;5,3
01-09-1976;-0,3174;1,1209;1,9079;NaN;2,6948;6,65;6,01;5,68;NaN;5,36
01-10-1976;0,25;1,325;2,0888;NaN;2,8527;5,82;5,43;5,32;NaN;5,22
01-11-1976;-0,0909;1,1512;1,919;NaN;2,6868;5,52;5,37;5,37;NaN;5,37
01-12-1976;-0,1836;1,1092;1,9409;NaN;2,7726;5,6;4,99;4,93;NaN;4,87
01-01-1977;-0,1457;1,2867;2,1875;NaN;3,0884;6,39;5,29;5,02;NaN;4,75
01-02-1977;-0,2564;1,2972;2,0679;2,3993;2,8385;6,42;5,53;5,32;5,35;5,11
01-03-1977;-0,8287;1,1068;1,9619;2,2435;2,817;6,89;5,82;5,5;5,56;5,17
01-04-1977;-0,7993;1,279;2,1422;2,4001;3,0055;6,92;5,51;5,23;5,33;4,94
01-05-1977;-1,0764;1,0345;1,8763;2,1211;2,7182;7,28;5,91;5,58;5,68;5,26
01-06-1977;-1,0573;0,7695;1,5853;1,799;2,4011;7,12;5,99;5,69;5,84;5,4
01-07-1977;-1,1587;0,6217;1,3767;1,5489;2,1318;7,66;6,22;5,95;6,09;5,69
01-08-1977;-1,105;0,6646;1,3069;1,4806;1,9493;7,66;6,37;6,09;6,2;5,82
01-09-1977;-0,2351;1,1692;1,7808;1,9377;2,3925;7,04;5,87;5,56;5,7;5,25
01-10-1977;-0,0306;1,6183;2,0372;2,091;2,4561;7,19;5,7;5,48;5,68;5,26
01-11-1977;0,3394;1,8774;2,3279;2,313;2,7784;6,72;5,46;5,25;5,54;5,04
01-12-1977;0,4238;1,8747;2,3662;2,1704;2,8577;6,8;5,61;5,32;5,77;5,04
01-01-1978;0,384;1,7097;2,3418;2,2383;2,974;7,06;6,06;5,62;5,94;5,18
01-02-1978;0,0175;1,4221;1,9646;1,8977;2,5071;7,51;6,41;6,07;6,35;5,72
01-03-1978;0,4204;1,9755;2,3626;2,3018;2,7497;7,24;5,88;5,68;5,93;5,47
01-04-1978;0,3512;2,3776;2,8068;2,6739;3,236;7,48;5,6;5,34;5,67;5,08
01-05-1978;0,8335;2,9081;3,3784;3,2284;3,8487;7,3;5,27;4,97;5,2;4,67
01-06-1978;0,664;2,6346;3,066;2,9077;3,4973;7,81;5,73;5,39;5,59;5,06
01-07-1978;1,3895;2,8614;3,1849;2,987;3,5083;7,03;5,68;5,46;5,66;5,23
01-08-1978;1,5843;2,9215;3,2582;3,0885;3,5949;6,83;5,41;5,15;5,38;4,9
01-09-1978;1,6748;2,6172;3,0041;2,8712;3,3911;6,95;5,81;5,42;5,6;5,02
01-10-1978;1,4699;2,5577;2,8128;2,5444;3,068;7,94;6,05;5,83;6,13;5,6
01-11-1978;2,1741;2,9537;2,9248;2,5182;2,8959;7,32;5,89;5,89;6,23;5,88
01-12-1978;3,082;3,6109;3,5521;3,1975;3,4934;6,96;5,47;5,46;5,68;5,45
01-01-1979;2,882;3,2312;3,1444;2,7354;3,0576;6,69;5,97;5,96;6,2;5,94
01-02-1979;2,6107;3,2954;3,2286;2,8964;3,1618;7,13;5,83;5,87;6,1;5,91
01-03-1979;1,7998;2,9131;2,9293;2,7572;2,9454;7,81;6,29;6,19;6,27;6,09
01-04-1979;2,6455;3,1445;3,2167;3,3967;3,2889;7,11;6,11;5,96;5,68;5,82
01-05-1979;1,3473;2,3893;2,5505;2,6804;2,7117;8,06;6,85;6,7;6,51;6,55
01-06-1979;1,721;2,3989;2,6455;2,8043;2,892;7,16;6,45;6,26;6,12;6,08
01-07-1979;1,273;2,5208;2,7261;2,7531;2,9315;7,96;6,38;6,22;6,18;6,07
01-08-1979;1,2969;2,7293;2,8725;3,0937;3,0158;8,45;6,33;6,16;5,89;5,98
01-09-1979;1,9445;2,9567;2,9483;2,9388;2,9398;8,14;6,45;6,38;6,23;6,31
01-10-1979;2,9316;3,8967;3,7985;3,8677;3,7003;9,12;6,73;6,5;5,98;6,27
01-11-1979;3,0656;3,6589;3,5262;3,1236;3,3936;7,91;7,27;7,12;7,18;6,98
01-12-1979;2,6481;3,2769;3,3984;3,5304;3,5199;8,43;7,14;6,99;6,59;6,84
01-01-1980;1,339;2,6862;2,8217;2,9949;2,9573;10,21;8,05;7,98;7,61;7,9
01-02-1980;0,927;3,085;2,975;2,7832;2,865;13,55;9,52;9,44;9,35;9,36
01-03-1980;2,9396;3,6064;3,3846;3,407;3,1627;11,64;9,86;9,37;8,93;8,87
01-04-1980;2,389;2,5599;2,6623;3,0229;2,7647;8,12;9,28;8,81;8,38;8,34
01-05-1980;-2,195;0,6107;0,8669;0,4159;1,1231;11,35;9,34;9,31;9,94;9,29
01-06-1980;-2,1502;0,5919;1,4134;1,7103;2,235;11,2;8,62;8,37;8,1;8,12
01-07-1980;-1,3684;0,7803;1,8733;2,2851;2,9662;11,08;8,75;8,38;7,95;8
01-08-1980;-0,8481;1,1448;1,8041;2,2257;2,4635;12,41;9,7;9,3;8,77;8,9
01-09-1980;0,169;1,4264;1,9672;2,3742;2,5079;11,96;10,19;9,54;8,97;8,89
01-10-1980;1,2676;2,2044;2,6188;3,1294;3,0332;11,72;9,66;9,13;8,46;8,61
01-11-1980;2,5656;3,3726;3,712;4,3066;4,0514;11,22;9,46;8,97;8,06;8,48
01-12-1980;4,1272;3,9808;4,3275;4,9426;4,6741;8,62;9,27;8,51;7,46;7,76
01-01-1981;2,6995;3,4234;3,9917;4,475;4,5601;10,42;9,35;8,58;7,67;7,81
01-02-1981;0,9837;2,8476;3,0324;3,0535;3,2171;12,69;10,56;10,16;9,75;9,75
01-03-1981;1,85;2,7414;3,0286;3,4597;3,3158;11,28;10,67;10,09;9,23;9,51
01-04-1981;1,5754;2,9077;3,4058;4,0641;3,9039;12,99;11,08;10,27;9,14;9,47
01-05-1981;3,3091;3,5717;3,8876;4,52;4,2034;11,14;11,06;10,21;9,08;9,37
01-06-1981;2,5502;3,3369;3,6508;4,0589;3,9648;11,83;10,61;9,82;8,9;9,03
01-07-1981;1,4763;4,3804;4,3168;4,1921;4,2532;14,14;10,41;9,96;9,4;9,52
01-08-1981;3,0773;5,1639;4,8964;4,3437;4,6289;13,29;10,4;10,04;9,83;9,69
01-09-1981;4,4271;5,3367;4,9845;4,1429;4,6322;11,98;10,59;10,34;10,53;10,08
01-10-1981;4,6492;5,0301;5,0216;4,411;5,0131;9,89;10,38;10,13;10,27;9,88
01-11-1981;2,6048;3,2737;3,6705;3,436;4,0674;9,61;10,11;9,72;9,91;9,33
01-12-1981;2,2657;4,0689;4,2394;3,8493;4,4099;11,62;9,53;9,48;9,6;9,43
01-01-1982;4,6268;6,1947;6,554;6,4958;6,9134;9,61;8,46;8,04;7,72;7,62
01-02-1982;4,6513;5,4558;5,6584;5,7766;5,861;9,53;9,08;8,77;8,44;8,46
01-03-1982;4,0782;5,0356;5,1506;5,0433;5,2656;10,26;8,94;8,71;8,49;8,47
01-04-1982;3,7587;5,3125;5,3657;4,9464;5,4188;10,12;8,69;8,5;8,42;8,32
01-05-1982;3,3828;5,2197;5,4627;4,9798;5,7057;10,08;8,53;8,16;8,26;7,78
01-06-1982;3,5747;5,7265;5,7485;4,9881;5,7704;11,05;8,7;8,55;8,93;8,4
01-07-1982;4,1108;5,4556;5,381;4,2594;5,3064;9,12;8,61;8,57;9,29;8,52
01-08-1982;2,8459;4,5082;4,4474;3,3617;4,3865;9,23;8,49;8,61;9,41;8,73
01-09-1982;2,6686;4,0725;4,3149;3,8167;4,5573;8,65;8,18;8,03;8,25;7,87
01-10-1982;1,9799;3,1089;3,7427;3,4186;4,3765;8,23;7,69;7,17;7,75;6,64
01-11-1982;1,0791;2,5618;3,1285;2,989;3,6951;8,96;7,82;7,42;7,55;7,02
01-12-1982;1,6021;2,6852;3,2464;3,2224;3,8076;8,01;7,53;7,29;7,32;7,05
01-01-1983;0,8287;2,2042;2,8578;3,2946;3,5114;8,89;7,83;7,6;7,34;7,38
01-02-1983;1,21;2,8186;3,3847;4,0514;3,9508;8,17;7,44;7,34;6,83;7,23
01-03-1983;0,8157;2,5926;3,0958;4,0908;3,5989;9,05;7,49;7,41;6,54;7,34
01-04-1983;0,7921;2,6085;3,1333;4,1791;3,6581;8,6;7,41;7,27;6,3;7,12
01-05-1983;0,2759;2,2919;2,8676;3,9152;3,4433;9,68;7,74;7,51;6,61;7,29
01-06-1983;0,3588;2,4584;2,9031;3,9559;3,3477;9,88;8,17;7,95;6,97;7,72
01-07-1983;0,7599;2,8375;3,2912;4,2311;3,7448;10,24;8,37;8,09;7,17;7,81
01-08-1983;1,332;3,1002;3,4796;4,4651;3,859;9,81;8,53;8,37;7,35;8,21
01-09-1983;0,9588;2,8835;3,3822;4,3281;3,8808;9,53;8,55;8,27;7,3;7,99
01-10-1983;0,6896;2,9033;3,4111;4,3947;3,9189;9,83;8,38;8,13;7,19;7,88
01-11-1983;0,5026;2,9074;3,5463;4,4238;4,1852;10,06;8,5;8,14;7,33;7,78
01-12-1983;0,9741;3,0759;3,639;4,505;4,2021;9,82;8,46;8,19;7,38;7,92
01-01-1984;1,4188;3,282;3,8904;4,5599;4,4988;9,09;8,09;7,78;7,19;7,47
01-02-1984;0,9991;2,9295;3,45;3,9693;3,9705;9,92;8,61;8,39;7,98;8,17
01-03-1984;1,0612;3,091;3,6843;4,1993;4,2777;10,45;8,93;8,64;8,18;8,34
01-04-1984;1,5697;3,5012;3,9933;4,298;4,4854;10,12;8,87;8,64;8,35;8,4
01-05-1984;2,1856;4,4678;4,6545;4,3486;4,8412;10,72;8,7;8,76;9,08;8,81
01-06-1984;2,9115;5,2018;5,441;5,1129;5,6802;10,18;8,28;8,12;8,33;7,96
01-07-1984;3,1309;4,9485;5,2095;4,7674;5,4706;9,36;8,32;8,15;8,44;7,98
01-08-1984;3,1484;4,7135;5,0187;4,8229;5,3239;9,31;7,97;7,7;7,72;7,44
01-09-1984;2,8305;4,5536;4,7217;4,43;4,8898;9,19;7,98;7,8;7,86;7,62
01-10-1984;2,6179;4,2162;4,5739;4,2807;4,9316;8,47;7,84;7,59;7,7;7,33
01-11-1984;2,3248;4,1034;4,6592;4,6049;5,215;8,14;7,23;6,91;6,96;6,59
01-12-1984;1,9243;3,7287;4,2276;3,9911;4,7265;8,23;7,34;7,27;7,53;7,2
01-01-1985;2,1558;3,9432;4,4699;4,2617;4,9966;7,77;6,99;6,91;7,19;6,83
01-02-1985;2,1119;3,8994;4,3324;4,2482;4,7653;8,54;7,23;7,18;7,22;7,12
01-03-1985;1,8774;4,0967;4,4741;4,3073;4,8514;8,61;7,42;7,39;7,5;7,35
01-04-1985;2,3426;3,9162;4,4614;4,4627;5,0067;7,69;7,09;6,97;7,01;6,84
01-05-1985;1,623;3,4682;4,0722;4,1062;4,6762;7,36;6,87;6,78;6,94;6,68
01-06-1985;1,3482;2,8177;3,4498;3,6809;4,0819;7,4;6,78;6,71;6,77;6,64
01-07-1985;1,6082;3,1505;3,7346;3,9651;4,3187;7,49;6,55;6,58;6,53;6,6
01-08-1985;1,3374;3,2305;3,6992;3,8905;4,1679;7,58;6,58;6,63;6,67;6,68
01-09-1985;1,6852;3,5704;3,9123;4,1225;4,2541;7,24;6,24;6,46;6,49;6,68
01-10-1985;1,6446;3,2666;3,7587;4,1163;4,2508;7,09;6,42;6,48;6,38;6,54
01-11-1985;1,249;2,8666;3,344;3,7784;3,8215;7,21;6,41;6,44;6,28;6,46
01-12-1985;1,4403;2,5731;3,1059;3,6286;3,6386;6,64;6,16;6,15;5,91;6,15
01-01-1986;1,6285;2,6238;2,9868;3,3037;3,3499;6,46;6,06;6,2;6,1;6,35
01-02-1986;2,2649;2,4995;2,6944;3,0338;2,8893;5,52;5,84;6,01;5,9;6,17
01-03-1986;2,2819;2,2606;2,459;2,8515;2,6574;4,84;5,2;5,32;5,11;5,44
01-04-1986;2,1881;2,1891;2,4834;2,9494;2,7776;4,85;4,86;4,82;4,44;4,77
01-05-1986;1,8034;2,2962;2,7323;3,2093;3,1683;5,73;5,22;4,98;4,31;4,73
01-06-1986;1,736;2,2653;2,5626;3,0438;2,86;5,31;5,37;5,24;4,53;5,1
01-07-1986;1,5832;1,984;2,3282;2,8648;2,6724;5,19;5,08;4,97;4,41;4,87
01-08-1986;1,3852;1,8625;2,3259;3,0636;2,7893;4,67;4,94;4,84;4,27;4,75
01-09-1986;0,4292;1,6073;2,0975;2,8945;2,5876;6,08;5,31;5,35;4,73;5,39
01-10-1986;0,6538;1,5605;2,0698;2,8626;2,579;5,63;5,27;5,36;4,84;5,45
01-11-1986;0,6775;1,6063;1,8836;2,5625;2,161;5,53;5,15;5,37;4,96;5,58
01-12-1986;1,0174;1,7849;2,0836;2,7674;2,3824;5,44;4,89;5,03;4,6;5,17
01-01-1987;0,8008;1,5242;1,9104;2,4624;2,2965;5,51;5,12;5,17;4,93;5,22
01-02-1987;0,4597;1,538;1,8545;2,4017;2,171;5,92;5,25;5,4;5,14;5,54
01-03-1987;1,2081;1,8514;2,1576;2,6996;2,4638;5,41;4,94;5,09;4,85;5,25
01-04-1987;1,3967;2,4991;2,8067;3,2855;3,1142;6,05;5,07;5,21;4,96;5,36
01-05-1987;1,0039;2,5269;2,8336;3,1576;3,1403;6,76;5,73;5,78;5,62;5,82
01-06-1987;1,3601;2,3861;2,7853;2,9877;3,1845;6,12;5,63;5,61;5,58;5,6
01-07-1987;0,8353;2,0371;2,4692;2,5902;2,9012;6,71;5,97;5,98;6,05;5,99
01-08-1987;0,8977;2,4048;2,8204;2,9573;3,2359;7;5,92;5,94;6,01;5,96
01-09-1987;1,3892;2,6398;3,0076;2,8949;3,3754;7,21;6,3;6,41;6,7;6,52
01-10-1987;1,8066;2,8893;3,1789;3,0704;3,4685;5,96;6,19;6,34;6,54;6,49
01-11-1987;1,5981;2,4113;2,7295;2,568;3,0477;6,2;5,94;6,13;6,38;6,32
01-12-1987;1,7041;2,8699;3,0958;3,1214;3,3218;6,1;5,58;5,89;6;6,21
01-01-1988;1,9384;2,8093;3,1516;3,0298;3,4939;5,31;5,37;5,52;5,8;5,67
01-02-1988;1,2385;2,1329;2,6474;2,6474;3,1618;5,89;5,58;5,56;5,78;5,55
01-03-1988;0,5862;1,7917;2,3583;2,4285;2,9249;6,82;6,04;6,01;6,2;5,99
01-04-1988;0,7221;2,2268;2,8204;2,8681;3,414;6,99;5,96;5,9;6,08;5,84
01-05-1988;1,0388;2,3778;2,8341;2,7546;3,2903;7,19;6,2;6,26;6,48;6,31
01-06-1988;0,9841;2,3612;2,8548;2,9208;3,3485;7,04;6,13;6,07;6,08;6
01-07-1988;1,3195;2,6188;2,9555;2,8177;3,2922;7,08;6,04;6,1;6,32;6,17
01-08-1988;1,8376;2,9564;3,207;2,9465;3,4576;6,88;5,98;6,05;6,37;6,12
01-09-1988;1,7726;2,7807;2,973;2,6808;3,1654;6,68;5,91;6,01;6,38;6,1
01-10-1988;1,4486;2,3343;2,4744;2,1879;2,6146;6,8;6,18;6,33;6,7;6,48
01-11-1988;1,7883;2,3483;2,3477;1,9795;2,3471;7,09;6,44;6,61;7,04;6,78
01-12-1988;2,0999;2,7296;2,6392;2,3063;2,5488;7,07;6,36;6,47;6,7;6,58
01-01-1989;1,5686;2,4454;2,5725;2,1694;2,6996;7,57;6,7;6,52;6,76;6,33
01-02-1989;1,7307;2,4434;2,5725;2,0029;2,7016;7,86;6,83;6,6;7,01;6,37
01-03-1989;1,7613;2,6288;2,7501;2,2083;2,8714;8,04;6,88;6,61;6,96;6,34
01-04-1989;1,9809;2,6229;2,7138;2,1236;2,8047;7,27;6,68;6,47;6,91;6,26
01-05-1989;1,7849;2,3845;2,5365;2,0629;2,6885;7,07;6,53;6,32;6,77;6,12
01-06-1989;1,981;2,1445;2,3728;1,8686;2,6011;6,15;6,15;5,91;6,4;5,67
01-07-1989;1,8235;1,9906;2,3243;2,0642;2,658;5,78;5,84;5,7;6,02;5,55
01-08-1989;1,9743;2,3886;2,5596;2,1703;2,7305;6,42;5,7;5,55;5,95;5,4
01-09-1989;2,1715;2,4076;2,4898;2,1547;2,5721;6,29;5,76;5,7;6;5,64
01-10-1989;2,4107;2,6195;2,5768;2,0499;2,5341;5,5;5,35;5,43;5,95;5,52
01-11-1989;1,9185;2,1458;2,1671;1,7657;2,1884;5,85;5,66;5,7;6,13;5,74
01-12-1989;1,9551;2,1641;2,1588;1,6978;2,1535;5,97;5,59;5,68;6,2;5,78
01-01-1990;1,3556;2,4329;2,5104;2,1054;2,5878;6,97;5,69;5,7;6,15;5,71
01-02-1990;1,8047;2,4063;2,5886;2,306;2,7709;6,61;6,01;5,88;6,19;5,75
01-03-1990;1,4755;2,3792;2,5264;2,318;2,6735;7,18;6,22;6,06;6,24;5,91
01-04-1990;2,6338;2,5522;2,4602;2,1104;2,3681;6,33;6,22;6,33;6,65;6,44
01-05-1990;1,6555;2,372;2,3177;2,0237;2,2633;6,81;6,37;6,44;6,71;6,52
01-06-1990;1,8341;2,1704;2,2579;2,0459;2,3454;6,42;6,26;6,22;6,41;6,18
01-07-1990;1,4393;1,8996;2,0858;1,9098;2,2721;6,51;6,43;6,38;6,59;6,34
01-08-1990;0,7982;1,5318;1,9425;1,7484;2,3532;7,37;6,91;6,81;7,11;6,71
01-09-1990;0,1853;1,4455;1,8792;1,8284;2,313;7,88;7,06;7,01;7,2;6,96
01-10-1990;-0,1474;0,9829;1,5183;1,6166;2,0536;7,98;7,35;7,2;7,24;7,06
01-11-1990;0,3216;1,2079;1,5905;1,5206;1,973;7,29;6,81;6,8;7,02;6,79
01-12-1990;0,8867;1,2349;1,4311;1,2354;1,6273;6,38;6,5;6,65;7;6,8
01-01-1991;1,2936;1,3822;1,7279;1,3965;2,0736;5,8;6,32;6,36;6,87;6,41
01-02-1991;0,8816;1,1175;1,4465;1,2917;1,7754;6,15;6,35;6,4;6,74;6,45
01-03-1991;1,3387;1,5253;1,8147;1,5632;2,104;5,71;6,24;6,3;6,73;6,35
01-04-1991;1,0645;1,6041;1,8656;1,5759;2,1272;5,81;6,1;6,17;6,63;6,25
01-05-1991;0,4217;1,2802;1,5546;1,2332;1,829;6,43;6,42;6,52;7,04;6,61
01-06-1991;0,229;1,4089;1,647;1,3686;1,8852;6,79;6,53;6,63;7,1;6,73
01-07-1991;0,3593;1,3129;1,5903;1,3029;1,8676;6,49;6,6;6,68;7,15;6,76
01-08-1991;0,3838;1,1281;1,578;1,5037;2,0279;5,99;6,3;6,32;6,64;6,34
01-09-1991;-0,0869;0,8362;1,2681;1,2496;1,6999;6,15;6,3;6,38;6,7;6,46
01-10-1991;-0,224;0,587;0,9988;1,0765;1,4106;5,99;6,28;6,53;6,85;6,78
01-11-1991;-0,4011;0,5358;1,0138;1,3132;1,4917;5,85;6,08;6,41;6,61;6,73
01-12-1991;-0,3479;0,5001;1,0638;1,4841;1,6275;5,2;5,69;6,03;6,22;6,36
01-01-1992;-0,4126;0,8768;1,4405;1,6732;2,0043;5,61;5,36;5,59;5,91;5,82
01-02-1992;-0,5125;0,8977;1,5844;1,8659;2,2712;5,83;5,68;5,76;5,98;5,83
01-03-1992;-0,6599;1,0189;1,573;1,6541;2,1271;6,33;5,93;5,97;6,32;6
01-04-1992;-0,7357;0,4249;1,1363;1,5499;1,8477;6,17;6,36;6,34;6,41;6,33
01-05-1992;-1,0877;0,5258;1,2536;1,7158;1,9814;6,28;6,16;6,14;6,17;6,11
01-06-1992;-1,0691;0,5011;1,2206;1,6723;1,9401;5,97;5,98;6,04;6,17;6,1
01-07-1992;-1,09;0,3235;1,0988;1,5811;1,874;5,55;5,52;5,74;6,02;5,97
01-08-1992;-0,8519;0,5244;1,2294;1,7369;1,9344;5,09;5,08;5,36;5,65;5,65
01-09-1992;-0,6661;0,5063;1,3321;2,0269;2,1578;4,56;4,87;5,09;5,31;5,3
01-10-1992;-0,6066;0,7843;1,546;2,002;2,3077;5,09;4,82;5,04;5,53;5,27
01-11-1992;-0,3829;0,8686;1,5301;1,8927;2,1917;5,25;5,17;5,34;5,72;5,51
01-12-1992;0,0095;0,9145;1,5348;1,7854;2,1552;4,52;5,17;5,24;5,65;5,3
01-01-1993;-0,662;0,7613;1,5102;1,8716;2,259;4,88;5,07;5,09;5,47;5,11
01-02-1993;-0,8771;0,6003;1,4174;1,8485;2,2345;4,83;4,83;4,84;5,24;4,86
01-03-1993;-0,9591;0,2244;1,1122;1,7515;2;4,95;4,97;4,87;5,07;4,77
01-04-1993;-1,1402;0,0715;0,8256;1,3822;1,5796;4,96;5,06;5,14;5,47;5,23
01-05-1993;-0,7473;0,4583;1,196;1,7206;1,9337;4,98;4,74;4,84;5,2;4,95
01-06-1993;-0,6137;0,6131;1,2137;1,6538;1,8142;4,67;4,61;4,75;5,16;4,89
01-07-1993;-0,0925;0,9596;1,5265;1,8791;2,0934;4,24;4,13;4,28;4,75;4,44
01-08-1993;-0,3468;0,6921;1,2034;1,5364;1,7147;4,22;4,34;4,48;4,78;4,62
01-09-1993;-0,2275;0,6448;1,232;1,5707;1,8191;4,14;4,09;4,13;4,43;4,17
01-10-1993;0,0384;0,7154;1,3298;1,6438;1,9441;3,95;3,99;4;4,3;4,01
01-11-1993;0,5108;1,1829;1,7333;1,9952;2,2837;3,7;3,88;3,99;4,21;4,1
01-12-1993;0,8011;1,6784;2,052;2,2177;2,4256;3,44;3,47;3,72;4,03;3,96
01-01-1994;0,3707;1,3733;1,8555;2,1869;2,3377;3,72;3,72;3,89;4,1;4,07
01-02-1994;0,4951;1,8436;2,2847;2,5;2,7258;4,19;3,56;3,69;3,99;3,81
01-03-1994;-0,133;1,5066;1,8452;1,9812;2,1837;5,39;4,43;4,63;4,93;4,84
01-04-1994;1,0827;2,5111;2,7467;2,711;2,9823;4,7;4,01;4,22;4,56;4,44
01-05-1994;1,3996;2,5959;2,8447;2,82;3,0935;4,63;4,18;4,34;4,59;4,49
01-06-1994;1,0465;2,2187;2,5422;2,523;2,8657;5,13;4,48;4,56;4,88;4,63
01-07-1994;0,687;2,0775;2,4139;2,2817;2,7504;5,32;4,83;4,89;5,3;4,94
01-08-1994;1,2049;2,3391;2,5466;2,2889;2,754;4,92;4,54;4,69;5,2;4,85
01-09-1994;1,6216;2,8747;3,1539;2,9044;3,4331;4,97;4,21;4,31;4,81;4,41
01-10-1994;1,8326;3,1333;3,2587;2,7167;3,3841;4,98;4,27;4,48;5,22;4,7
01-11-1994;2,45;3,4672;3,6256;3,0783;3,7839;4,98;4,25;4,33;5;4,42
01-12-1994;2,4692;3,4527;3,2386;2,4255;3,0245;5,22;4,33;4,57;5,44;4,82
01-01-1995;2,8796;3,3219;3,2184;2,5602;3,1148;4,39;4,44;4,56;5,29;4,69
01-02-1995;2,6542;3,1298;3,1516;2,5973;3,1735;4,13;4,24;4,32;5,01;4,4
01-03-1995;2,5931;3,233;3,2693;2,7304;3,3056;4,21;3,82;3,93;4,72;4,04
01-04-1995;2,4732;3,0847;3,2141;2,8114;3,3435;4,12;3,78;3,85;4,55;3,92
01-05-1995;2,2136;2,7891;2,8617;2,6087;2,9343;3,68;3,62;3,77;4,34;3,92
01-06-1995;2,4471;2,693;2,8239;2,666;2,9548;3,39;3,24;3,35;3,9;3,46
01-07-1995;3,0052;3,1348;3,2461;3,0029;3,3574;2,91;2,88;3,03;3,72;3,19
01-08-1995;2,7077;3,077;3,173;2,9717;3,2691;3,15;3,16;3,32;3,89;3,47
01-09-1995;2,5518;2,8608;2,9966;2,9441;3,1325;3,32;3,14;3,2;3,61;3,27
01-10-1995;2,5233;2,6657;2,7717;2,6946;2,8776;3,15;3,19;3,27;3,68;3,34
01-11-1995;2,7913;2,912;3,0331;2,9929;3,1543;2,61;2,78;2,9;3,27;3,02
01-12-1995;2,0355;2,3675;2,5096;2,5163;2,6517;3,18;3,14;3,2;3,54;3,26
01-01-1996;3,0568;3,0799;3,3775;3,4862;3,675;1,93;2,28;2,27;2,56;2,26
01-02-1996;2,1565;2,496;2,8304;3,059;3,1647;3,27;2,88;2,98;3,18;3,08
01-03-1996;1,8833;2,7173;2,9524;3,1578;3,1874;3,92;3,25;3,32;3,44;3,38
01-04-1996;2,3123;3,2231;3,4267;3,3423;3,6304;3,74;3,08;3,08;3,45;3,09
01-05-1996;2,2853;3,1259;3,2861;3,2383;3,4462;3,95;3,35;3,45;3,69;3,55
01-06-1996;2,6661;3,3866;3,5117;3,2886;3,6369;3,49;3,3;3,4;3,77;3,49
01-07-1996;2,8038;3,2305;3,4173;3,2725;3,604;3,43;3,41;3,45;3,76;3,5
01-08-1996;2,8753;3,2202;3,4373;3,1842;3,6544;3,48;3,17;3,2;3,66;3,24
01-09-1996;2,2545;3,0841;3,2361;3,0989;3,3882;3,86;3,52;3,59;3,93;3,67
01-10-1996;2,2549;2,6351;2,9176;2,8476;3,2002;3,52;3,63;3,61;3,96;3,59
01-11-1996;1,9655;2,4312;2,65;2,74;2,8688;3,64;3,54;3,55;3,74;3,56
01-12-1996;2,4778;2,9799;3,1339;3,1082;3,2879;3,42;3,09;3,17;3,44;3,24
01-01-1997;3,4775;3,6399;3,8005;3,6077;3,9612;2,45;2,69;2,78;3,22;2,87
01-02-1997;3,1522;3,5178;3,594;3,3996;3,6702;2,92;2,68;2,83;3,29;2,97
01-03-1997;3,4694;3,714;3,7302;3,3976;3,7464;2,98;2,83;2,96;3,53;3,09
01-04-1997;3,352;3,726;3,6668;3,2967;3,6075;2,93;3,03;3,22;3,79;3,41
01-05-1997;3,7654;3,8575;3,956;3,6188;4,0545;2,45;2,71;2,75;3,32;2,8
01-06-1997;3,4692;3,5415;3,7001;3,5832;3,8588;2,64;2,84;2,79;3,19;2,74
01-07-1997;3,3678;3,4172;3,5305;3,4075;3,6438;2,36;2,7;2,69;3,1;2,68
01-08-1997;3,7465;3,8272;3,8234;3,8401;3,8195;2,25;2,33;2,48;2,74;2,62
01-09-1997;3,3508;3,5727;3,5445;3,5308;3,5163;2,48;2,54;2,67;2,97;2,79
01-10-1997;3,7568;3,7008;3,7714;3,7039;3,842;1,92;2,23;2,26;2,63;2,29
01-11-1997;3,3483;3,4553;3,4874;3,5472;3,5195;2,47;2,34;2,39;2,56;2,44
01-12-1997;4,1628;3,6662;3,5558;3,5376;3,4453;1,53;2,1;2,25;2,45;2,4
01-01-1998;4,3145;3,6129;3,4876;3,5944;3,3623;1,06;1,81;2,05;2,22;2,3
01-02-1998;4,2976;3,6856;3,591;3,6601;3,4964;1,28;1,8;1,98;2,23;2,15
01-03-1998;4,2864;3,5346;3,4276;3,5909;3,3206;1,35;2,08;2,22;2,36;2,37
01-04-1998;4,6533;3,9083;3,8488;4,0716;3,7893;0,97;1,7;1,79;1,85;1,88
01-05-1998;4,2472;3,8352;3,7265;3,927;3,6178;1,33;1,79;1,92;2;2,05
01-06-1998;4,2933;3,9425;3,7918;3,9518;3,641;1,25;1,58;1,71;1,75;1,84
01-07-1998;4,2416;4,0153;3,8494;3,8336;3,6835;1,29;1,44;1,61;1,85;1,78
01-08-1998;4,1312;3,7136;3,6467;3,8684;3,5798;0,92;1,56;1,69;1,67;1,83
01-09-1998;4,2521;3,6583;3,6638;3,9906;3,6692;0,17;0,96;1,15;1,21;1,33
01-10-1998;3,9845;3,4376;3,4076;3,9672;3,3775;0,37;0,74;1,12;1,04;1,5
01-11-1998;4,0188;3,818;3,8018;4,3178;3,7856;0,62;0,72;1,03;0,93;1,33
01-12-1998;4,7253;3,8156;3,8116;4,2661;3,8077;-0,09;0,63;0,84;0,79;1,04
01-01-1999;3,9177;3,47;3,5452;3,9878;3,6203;0,74;1,13;1,17;1,17;1,22
01-02-1999;3,9692;3,6988;3,7308;4,0609;3,7628;1,21;1,21;1,27;1,31;1,33
01-03-1999;3,5461;3,6478;3,7047;4,0947;3,7617;1,5;1,49;1,53;1,49;1,56
01-04-1999;3,3008;3,5028;3,7225;4,1246;3,9422;1,82;1,58;1,46;1,43;1,34
01-05-1999;3,275;3,6415;3,9096;4,2617;4,1776;2,18;1,8;1,63;1,55;1,46
01-06-1999;3,6972;3,9794;4,106;4,3273;4,2327;1,85;1,83;1,79;1,71;1,76
01-07-1999;3,773;3,9703;4,1813;4,5267;4,3922;1,88;1,71;1,61;1,45;1,51
01-08-1999;3,5292;3,9878;4,09;4,392;4,1922;2,25;1,85;1,85;1,68;1,85
01-09-1999;3,3784;3,5384;3,7828;4,0421;4,0273;2,28;2,26;2,14;2,03;2,01
01-10-1999;3,9321;3,9781;4,0461;3,9866;4,1141;1,91;2,05;2,06;2,27;2,08
01-11-1999;3,9168;4,0631;4,1628;4,0979;4,2625;2,11;1,91;1,87;2,05;1,83
01-12-1999;4,2265;4,2968;4,4236;4,2165;4,5505;2,05;1,89;1,86;2,13;1,82
01-01-2000;3,8333;4,2997;4,4863;4,4321;4,673;2,81;2,28;2,17;2,2;2,07
01-02-2000;3,8098;4,1196;4,3134;4,3564;4,5072;2,74;2,56;2,21;1,87;1,85
01-03-2000;3,7531;3,8306;4,0263;4,1456;4,2221;2,76;2,67;2,23;1,9;1,8
01-04-2000;4,1805;3,8555;3,987;3,9857;4,1186;2,51;2,4;2;1,86;1,6
01-05-2000;4,4543;4,0826;4,1138;4,1431;4,145;2,31;2,61;2,33;2,01;2,05
01-06-2000;3,809;3,527;3,7096;3,9188;3,8923;2,64;2,77;2,39;2,01;2,01
01-07-2000;3,7498;3,5167;3,6851;3,8102;3,8534;2,63;2,66;2,36;2,04;2,07
01-08-2000;4,0675;3,5555;3,7633;3,8941;3,971;2,15;2,5;2,07;1,83;1,63
01-09-2000;4,1437;3,694;3,8655;4,0184;4,037;1,9;2,24;1,93;1,81;1,63
01-10-2000;4,181;3,4705;3,7165;4,0244;3,9624;1,83;2,31;2,02;1,78;1,74
01-11-2000;4,4068;3,6854;3,8382;3,9933;3,991;1,31;2,01;1,88;1,79;1,75
01-12-2000;4,0599;3,3884;3,6488;3,9513;3,9092;1,16;1,78;1,59;1,54;1,4
01-01-2001;2,9559;2,7891;3,3153;3,7675;3,8415;1,77;2,07;1,84;1,77;1,62
01-02-2001;2,7627;2,9743;3,3232;3,6121;3,672;1,75;1,92;1,78;1,84;1,64
01-03-2001;2,8722;3,0035;3,339;3,8252;3,6744;1,39;1,64;1,55;1,51;1,47
01-04-2001;2,5338;2,9635;3,3128;3,8432;3,6621;1,84;1,8;1,83;1,81;1,86
01-05-2001;2,2719;3,0563;3,4237;3,7927;3,7911;2,03;1,87;1,97;1,99;2,06
01-06-2001;2,424;3,0406;3,4899;3,7551;3,9392;1,91;1,77;1,79;1,91;1,81
01-07-2001;1,773;2,7036;3,1028;3,2798;3,5019;2,08;2,06;2,14;2,33;2,22
01-08-2001;2,5718;3,0657;3,351;3,6432;3,6364;1,13;1,5;1,62;1,84;1,73
01-09-2001;2,4926;3,1911;3,5003;4,0539;3,8095;0,42;0,93;1,23;1,43;1,53
01-10-2001;2,0028;2,7097;2,9985;3,7641;3,2873;0,5;1,2;1,57;1,56;1,94
01-11-2001;1,9334;2,6932;3,0489;3,7913;3,4047;0,93;1,28;1,6;1,33;1,93
01-12-2001;2,3997;3,1113;3,3369;3,7168;3,5625;0,67;1,28;1,75;1,76;2,23
01-01-2002;2,5261;3,3109;3,5767;3,795;3,8424;0,62;1,03;1,46;1,65;1,9
01-02-2002;2,3325;3,0764;3,4567;3,922;3,8369;0,71;1,22;1,45;1,48;1,68
01-03-2002;1,4379;2,837;3,3501;3,9113;3,8632;2,26;1,9;1,93;1,9;1,96
01-04-2002;1,0268;2,4977;3,028;3,6728;3,5584;2,21;2,15;2,18;2,12;2,21
01-05-2002;1,1575;2,4241;3,0237;3,5683;3,6233;2,02;2,07;2,14;2,19;2,21
01-06-2002;1,443;2,4515;2,9859;3,5612;3,5203;1,41;1,74;1,94;2,12;2,15
01-07-2002;1,563;2,1196;2,8348;3,4776;3,5501;0,67;1,69;1,82;2,11;1,94
01-08-2002;1,3242;1,8677;2,6241;3,5333;3,3806;0,79;1,42;1,64;1,75;1,85
01-09-2002;1,0841;1,269;2,1341;3,0619;2,9992;0,63;1,67;1,74;1,9;1,8
01-10-2002;0,7757;1,3343;2,2615;3,0743;3,1886;0,92;1,62;1,68;2,11;1,74
01-11-2002;0,6682;1,301;2,2262;2,8825;3,1513;1,42;1,75;1,82;2,3;1,9
01-12-2002;0,8458;1,4218;2,3805;3,1144;3,3392;0,75;1,61;1,65;2,02;1,69
01-01-2003;0,3241;0,9735;2,1178;2,9095;3,262;1,4;2,08;1,93;2,23;1,79
01-02-2003;-0,0979;0,8326;1,9522;2,7578;3,0718;1,63;2,07;1,95;2,26;1,83
01-03-2003;-0,06;0,5669;1,6988;2,4575;2,8307;1,6;2,21;2,11;2,57;2,01
01-04-2003;0,9953;1,3864;2,3339;2,9973;3,2813;0,54;1,54;1,63;2,13;1,71
01-05-2003;1,0458;1,0148;1,964;2,7115;2,9133;0,28;1,51;1,61;2,05;1,71
01-06-2003;0,8199;0,9805;1,9961;2,7964;3,0116;0,51;1,29;1,33;1,82;1,38
01-07-2003;0,3171;0,8793;1,9274;2,7043;2,9755;1,5;1,99;2,05;2,43;2,11
01-08-2003;0,722;1,4634;2,5209;3,1367;3,5784;1,22;1,91;1,93;2,31;1,95
01-09-2003;0,5423;1,274;2,3536;2,9358;3,4332;0,94;1,91;1,92;2,34;1,93
01-10-2003;0,0541;1,0402;2,1738;2,7239;3,3074;1,8;2,15;2,12;2,58;2,08
01-11-2003;0,3503;1,2946;2,2772;2,6308;3,2598;1,71;2;2,02;2,62;2,05
01-12-2003;0,3122;1,1122;2,1535;2,5288;3,1949;1,51;2,16;2,12;2,68;2,08
01-01-2004;-0,1616;0,712;1,7611;2,157;2,8101;2;2,41;2,39;2,97;2,37
01-02-2004;-0,3181;0,634;1,6702;2,1604;2,7065;1,97;2,44;2,41;2,92;2,38
01-03-2004;-0,2302;0,5749;1,5358;2,1228;2,4967;1,81;2,22;2,29;2,78;2,37
01-04-2004;0,0005;0,9494;1,9767;2,4948;3,0041;2,35;2,44;2,37;2,79;2,31
01-05-2004;-0,2628;1,036;1,9677;2,3491;2,8993;2,83;2,81;2,75;3,16;2,69
01-06-2004;0,2667;1,2454;2,0917;2,3578;2,9381;2,45;2,68;2,64;3,12;2,59
01-07-2004;-0,1473;0,8369;1,7551;2,002;2,6733;2,84;2,85;2,74;3,31;2,64
01-08-2004;0,4284;0,8829;1,7927;2,0916;2,7025;1,97;2,59;2,49;3,06;2,39
01-09-2004;0,2069;0,844;1,596;1,9482;2,3481;2,41;2,52;2,53;3,03;2,55
01-10-2004;-0,1994;0,8726;1,6208;2,0072;2,3691;2,76;2,48;2,48;2,93;2,48
01-11-2004;0,4425;1,202;1,9385;2,3732;2,6749;2,6;2,33;2,25;2,58;2,18
01-12-2004;1,0895;1,6213;2,1701;2,5255;2,7188;1,99;1,98;2,06;2,38;2,14
01-01-2005;0,6617;1,1002;1,6401;1,9049;2,1799;2,62;2,61;2,58;2,87;2,55
01-02-2005;0,8002;1,1442;1,6271;1,7609;2,11;2,81;2,63;2,54;2,8;2,46
01-03-2005;0,5643;1,2804;1,8507;1,9729;2,421;3,25;2,89;2,65;2,8;2,41
01-04-2005;0,7986;1,4649;1,9871;2,0774;2,5093;2,85;2,54;2,35;2,57;2,17
01-05-2005;1,1199;1,3971;1,8389;1,8623;2,2808;2,48;2,45;2,3;2,63;2,15
01-06-2005;1,4614;1,5191;1,8371;1,8409;2,1551;2,19;2,25;2,16;2,44;2,07
01-07-2005;1,2293;1,4641;1,7212;1,6853;1,9783;2,82;2,52;2,46;2,69;2,4
01-08-2005;1,2574;1,6159;1,9062;1,9153;2,1966;2,58;2,5;2,35;2,52;2,2
01-09-2005;0,5078;1,3107;1,6779;1,8284;2,0451;3,66;2,7;2,52;2,62;2,34
01-10-2005;0,8427;1,4886;1,8285;1,9458;2,1684;3,61;2,84;2,63;2,69;2,42
01-11-2005;1,6008;1,6378;1,86;1,8824;2,0822;2,85;2,81;2,68;2,82;2,55
01-12-2005;2,3503;1,8184;1,9723;1,8036;2,1261;2,08;2,57;2,5;2,82;2,42
01-01-2006;1,8085;1,6499;1,8881;1,8106;2,1263;2,74;2,7;2,53;2,76;2,36
01-02-2006;1,7494;1,9689;2,0762;1,9299;2,1835;2,96;2,6;2,49;2,61;2,39
01-03-2006;2,0003;2,3013;2,3655;2,2235;2,4298;2,87;2,42;2,35;2,51;2,29
01-04-2006;1,7945;2,2606;2,2586;2,1805;2,2567;3,1;2,64;2,73;2,88;2,82
01-05-2006;1,9706;2,5701;2,5805;2,5528;2,5908;3,1;2,43;2,53;2,65;2,63
01-06-2006;2,3849;2,3111;2,3389;2,2407;2,3668;2,81;2,76;2,77;2,91;2,78
01-07-2006;2,3329;2,3758;2,3564;2,2485;2,3371;2,67;2,66;2,73;2,88;2,8
01-08-2006;2,0168;2,0784;2,0713;2,0115;2,0641;2,79;2,74;2,81;2,99;2,88
01-09-2006;2,6215;2,503;2,4147;2,2284;2,3264;2,1;2,17;2,31;2,62;2,44
01-10-2006;3,2193;2,6081;2,4273;2,2135;2,2466;1,5;2,08;2,3;2,64;2,52
01-11-2006;3,3615;2,6199;2,5402;2,3507;2,4604;1,27;1,96;2,06;2,34;2,16
01-12-2006;2,8887;2,4677;2,4259;2,2792;2,3841;1,95;2,06;2,13;2,4;2,21
01-01-2007;2,4966;2,353;2,2478;2,0756;2,1426;2,44;2,4;2,51;2,77;2,63
01-02-2007;2,2693;2,1786;2,1902;2,104;2,2018;2,39;2,53;2,53;2,72;2,53
01-03-2007;1,8318;1,997;2,0859;2,1139;2,1748;2,82;2,48;2,47;2,61;2,47
01-04-2007;2,2065;2,1456;2,22;2,224;2,2945;2,43;2,44;2,47;2,65;2,5
01-05-2007;2,2493;2,1249;2,2005;2,1457;2,276;2,69;2,55;2,55;2,75;2,55
01-06-2007;2,0268;2,0862;2,1834;2,1068;2,2806;2,88;2,94;2,92;3,09;2,89
01-07-2007;2,1963;2,0964;2,2211;2,1341;2,3457;2,39;2,78;2,78;2,98;2,77
01-08-2007;2,6094;2,2202;2,2768;2,2069;2,3334;1,59;2,21;2,39;2,72;2,58
01-09-2007;2,2283;2,1107;2,2728;2,232;2,435;1,77;2,09;2,25;2,56;2,4
01-10-2007;1,6068;1,7117;2,0504;2,1289;2,3891;2,34;2,49;2,48;2,64;2,47
01-11-2007;0,8975;1,3598;1,7903;1,8864;2,2208;2,16;2,31;2,36;2,63;2,41
01-12-2007;1,192;1,4075;1,8317;2,0139;2,2559;1,86;2,08;2,27;2,52;2,45
01-01-2008;0,6202;1,1331;1,8291;2,1609;2,5251;1,54;1,85;1,91;2,17;1,97
01-02-2008;0,495;0,8621;1,6047;2,0966;2,3473;1,13;1,92;2,14;2,42;2,35
01-03-2008;-0,2536;0,6631;1,4312;2,0793;2,1993;1,86;1,82;2,08;2,31;2,34
01-04-2008;0,0697;0,8165;1,5596;2,0238;2,3028;2,15;2,02;2,12;2,42;2,22
01-05-2008;-0,0684;0,7969;1,5385;2,0219;2,2801;2,68;2,35;2,34;2,58;2,33
01-06-2008;0,0208;0,9154;1,5708;2,0599;2,2262;2,59;2,57;2,53;2,63;2,48
01-07-2008;0,1983;0,8889;1,6022;2,2077;2,3155;2,29;2,41;2,41;2,36;2,4
01-08-2008;1,2958;1,3393;1,9731;2,4095;2,6069;1,05;1,8;1,92;2,09;2,03
01-09-2008;1,5046;1,5688;1,9336;2,2587;2,2983;0,49;1,31;1,76;2,01;2,2
01-10-2008;4,0288;2,1706;2,4549;2,5684;2,7392;-2,61;0,56;1,36;1,6;2,15
01-11-2008;4,892;2,5733;2,8651;2,8589;3,1568;-4,11;-0,28;0,66;1,14;1,61
01-12-2008;5,917;1,8327;2,273;2,3765;2,7133;-5,35;-0,31;0,15;0,49;0,61
01-01-2009;4,1871;1,3551;1,839;2,0768;2,3229;-3,37;0,24;0,68;1,05;1,12
01-02-2009;2,9409;1,4258;1,8933;2,1874;2,3608;-1,98;0,44;0,98;1,4;1,51
01-03-2009;1,8899;1,1582;1,6343;2,0587;2,1105;-1,11;0,66;1,19;1,58;1,71
01-04-2009;1,4491;0,9091;1,4327;1,9978;1,9563;-0,54;0,95;1,5;1,76;2,04
01-05-2009;0,9427;0,8705;1,5197;2,1273;2,1688;-0,03;1,26;1,77;2,1;2,28
01-06-2009;0,3007;0,9467;1,5952;2,0225;2,2436;0,79;1,76;2,12;2,5;2,49
01-07-2009;0,5719;1,0553;1,704;2,1525;2,3528;0,54;1,4;1,86;2,26;2,31
01-08-2009;0,4605;0,9649;1,592;2,0275;2,2192;0,51;1,61;2;2,34;2,39
01-09-2009;0,7446;0,9583;1,6347;2,1487;2,3112;0,18;1,41;1,77;2,04;2,12
01-10-2009;0,1269;0,7446;1,4502;1,9622;2,1557;0,78;1,59;1,94;2,23;2,29
01-11-2009;-0,2145;0,4601;1,325;2,0683;2,19;0,86;1,77;2,07;2,24;2,38
01-12-2009;-0,3145;0,3335;1,2407;1,9912;2,1478;1,46;2,01;2,35;2,5;2,69
01-01-2010;-0,8217;0,3096;1,3459;1,9076;2,3823;1,64;2,17;2,38;2,69;2,6
01-02-2010;-0,5016;0,3291;1,4308;1,9558;2,5324;1,3;2,03;2,26;2,66;2,49
01-03-2010;-0,7798;0,2082;1,4053;2,0687;2,6024;1,78;2,22;2,32;2,57;2,43
01-04-2010;-0,6407;0,2596;1,4601;2,0978;2,6607;1,59;2,32;2,39;2,59;2,46
01-05-2010;-0,6593;0,0734;1,08;1,648;2,0867;1,44;2,11;2,34;2,64;2,57
01-06-2010;0,4539;0,4387;1,3093;1,867;2,1799;0,15;1,56;1,89;2,26;2,22
01-07-2010;-0,1332;-0,1745;0,8252;1,5557;1,8249;0,64;1,93;2,18;2,43;2,44
01-08-2010;-0,0205;-0,0302;0,9145;1,676;1,8592;0,47;1,5;1,79;2,12;2,07
01-09-2010;-0,0152;-0,1033;0,8533;1,6777;1,81;0,41;1,51;1,8;2,09;2,08
01-10-2010;-0,6826;-0,3935;0,6522;1,6359;1,698;0,98;1,57;1,89;2,23;2,2
01-11-2010;-0,5674;-0,3424;0,6866;1,697;1,7157;1,02;1,69;2,07;2,49;2,45
01-12-2010;-0,3182;0,2133;1,2848;2,0649;2,3563;0,91;1,72;2,01;2,36;2,29
01-01-2011;-0,7281;-0,0497;1,1721;2,0617;2,3938;1,28;2,04;2,22;2,46;2,4
01-02-2011;-1,2105;-0,2696;1,007;1,9305;2,2836;1,87;2,53;2,57;2,72;2,62
01-03-2011;-1,5774;-0,4483;0,8579;1,7689;2,164;2,35;2,56;2,55;2,74;2,55
01-04-2011;-1,7713;-0,5401;0,7136;1,6573;1,9673;2,35;2,71;2,75;2,84;2,78
01-05-2011;-1,9938;-0,6259;0,5314;1,5509;1,6888;2,44;2,47;2,64;2,74;2,81
01-06-2011;-1,5952;-0,6647;0,4994;1,5632;1,6636;2,08;2,24;2,5;2,67;2,76
01-07-2011;-1,1302;-0,5172;0,665;1,6528;1,8471;1,47;2,06;2,34;2,62;2,61
01-08-2011;-0,9786;-0,96;0,0786;1,0943;1,1173;1,17;1,98;2,22;2,56;2,46
01-09-2011;-0,8995;-0,902;0,1403;1,1183;1,1827;1,18;1,8;1,84;2,06;1,88
01-10-2011;-1,0508;-0,8138;0,0375;0,925;0,8888;1,3;1,87;2,11;2,21;2,35
01-11-2011;-1,2676;-0,9003;0,0864;0,873;1,0731;1,52;1,81;1,92;2,15;2,04
01-12-2011;-1,39;-1,1823;-0,2491;0,6513;0,6841;1,63;2,07;2,23;2,33;2,39
01-01-2012;-1,8856;-1,4571;-0,484;0,4543;0,4892;2,07;2,3;2,45;2,58;2,61
01-02-2012;-1,9146;-1,4986;-0,6518;0,2883;0,1949;2,21;2,33;2,62;2,82;2,92
01-03-2012;-1,7463;-1,3291;-0,3847;0,6152;0,5597;2,1;2,35;2,55;2,66;2,76
01-04-2012;-1,6181;-1,319;-0,4907;0,5645;0,3375;1,89;2,21;2,54;2,62;2,87
01-05-2012;-1,2832;-1,2345;-0,5255;0,5476;0,1834;1,56;1,99;2,33;2,38;2,66
01-06-2012;-0,7408;-0,9869;-0,3779;0,5608;0,2311;1,06;1,7;2;2,14;2,3
01-07-2012;-0,6995;-1,1321;-0,5362;0,4995;0,0597;0,91;1,75;2,07;2,09;2,38
01-08-2012;-0,8493;-1,2896;-0,5238;0,5225;0,242;1,06;2;2,2;2,25;2,41
01-09-2012;-1,637;-1,4974;-0,6912;0,4373;0,115;1,86;2,17;2,41;2,44;2,65
01-10-2012;-1,2044;-1,103;-0,3488;0,7629;0,4054;1,48;1,81;2,1;2,14;2,38
01-11-2012;-0,5297;-0,546;0,1625;1,2339;0,8709;0,77;1,22;1,49;1,57;1,76
01-12-2012;-0,3475;-0,4374;0,1442;1,1537;0,7257;0,6;1,14;1,58;1,73;2,01
01-01-2013;-1,0925;-0,9255;-0,1257;0,9909;0,674;1,35;1,74;2,04;2,09;2,34
01-02-2013;-1,7872;-1,2822;-0,5261;0,5734;0,23;2,02;2,13;2,51;2,6;2,88
01-03-2013;-1,6506;-1,2695;-0,4416;0,721;0,3863;1,89;2,09;2,4;2,44;2,71
01-04-2013;-1,3362;-1,1842;-0,4742;0,6357;0,2359;1,54;1,89;2,23;2,29;2,57
01-05-2013;-0,9045;-0,8707;-0,069;0,9315;0,7327;1,22;1,71;2;2,18;2,29
01-06-2013;-1,3664;-0,9797;-0,1271;0,9003;0,7256;1,75;2,18;2,43;2,5;2,67
01-07-2013;-1,3897;-0,7859;0,1753;1,1482;1,1366;1,71;2,19;2,4;2,46;2,62
01-08-2013;-1,408;-0,4817;0,5082;1,4248;1,4981;1,84;2;2,23;2,34;2,46
01-09-2013;-1,4138;-0,5932;0,434;1,3046;1,4611;1,75;2,19;2,38;2,49;2,56
01-10-2013;-1,1084;-0,4932;0,4692;1,4352;1,4316;1,43;1,86;2,15;2,24;2,44
01-11-2013;-1,0767;-0,4729;0,4516;1,3733;1,3761;1,37;1,84;2,27;2,43;2,69
01-12-2013;-1,2967;-0,38;0,6063;1,5422;1,5925;1,69;1,96;2,29;2,35;2,63
01-01-2014;-1,4586;-0,5713;0,3793;1,1315;1,33;1,81;2,22;2,48;2,64;2,74
01-02-2014;-1,2958;-0,2968;0,6019;1,4406;1,5005;1,63;1,82;2,11;2,22;2,4
01-03-2014;-1,1474;-0,4084;0,4136;1,1513;1,2355;1,59;2,05;2,31;2,47;2,56
01-04-2014;-0,9932;-0,1658;0,6403;1,316;1,4465;1,42;1,87;2,07;2,2;2,27
01-05-2014;-0,8836;-0,1923;0,6787;1,3362;1,5497;1,27;1,78;1,88;2,05;1,98
01-06-2014;-1,3219;-0,3727;0,4558;1,2317;1,2843;1,78;2,05;2,14;2,19;2,24
01-07-2014;-1,3338;-0,5971;0,1672;0,9337;0,9314;1,88;2,3;2,37;2,4;2,45
01-08-2014;-1,1791;-0,5834;0,0994;0,7665;0,7822;1,71;2,21;2,32;2,43;2,43
01-09-2014;-0,7045;-0,2113;0,3872;1,0269;0,9856;1,32;1,98;2,14;2,23;2,3
01-10-2014;-0,6912;-0,3326;0,3536;0,9054;1,0397;1,23;1,88;1,95;2,13;2,01
01-11-2014;-0,4688;-0,1237;0,5186;1,1452;1,1609;0,96;1,74;1,81;1,89;1,88
01-12-2014;-0,2392;-0,0945;0,4396;0,9023;0,9738;0,95;1,73;1,77;1,93;1,81
01-01-2015;0,2904;-0,0286;0,3445;0,8292;0,7175;0,2;1,4;1,54;1,63;1,67
01-02-2015;-0,0378;-0,1354;0,2686;0,8603;0,6725;0,7;1,61;1,71;1,71;1,82
01-03-2015;-0,6044;-0,2066;0,1534;0,7652;0,5134;1,19;1,73;1,89;1,86;2,05
01-04-2015;-0,5169;-0,1096;0,2997;0,947;0,7091;1,12;1,46;1,64;1,64;1,82
01-05-2015;-0,6524;-0,0235;0,4154;1,0014;0,8544;1,28;1,56;1,78;1,96;2,01
01-06-2015;-0,8412;0,0862;0,5917;1,1753;1,0972;1,5;1,59;1,77;1,93;1,94
01-07-2015;-0,6123;0,0227;0,5923;1,2551;1,1619;1,29;1,61;1,73;1,81;1,85
01-08-2015;0,1508;0,2044;0,6568;1,2287;1,1092;0,62;1,34;1,51;1,63;1,69
01-09-2015;0,3253;0,3104;0,6952;1,2902;1,0799;0,33;1,18;1,47;1,66;1,77
01-10-2015;0,0192;0,1859;0,6411;1,2064;1,0963;0,74;1,2;1,43;1,68;1,65
01-11-2015;0,0152;0,2841;0,6323;1,2016;0,9805;0,95;1,39;1,63;1,83;1,87
01-12-2015;0,2435;0,4456;0,7357;1,3022;1,0257;0,83;1,25;1,5;1,67;1,75
01-01-2016;0,0406;0,0343;0,3588;0,9295;0,6834;0,77;1,49;1,73;1,93;1,98
01-02-2016;-0,0286;0,0272;0,3991;0,9966;0,7709;0,82;1,19;1,38;1,62;1,57
01-03-2016;-0,4535;-0,1014;0,3362;0,9031;0,7739;1,19;1,48;1,55;1,78;1,63
01-04-2016;-0,7716;-0,4806;0,0591;0,719;0,5989;1,54;1,74;1,75;1,9;1,76
01-05-2016;-1,252;-0,5968;-0,1001;0,5881;0,3965;2,14;1,9;1,91;2,04;1,92
01-06-2016;-0,6274;-0,3522;0,124;0,8137;0,6001;1,22;1,52;1,52;1,64;1,51
01-07-2016;-0,2777;-0,1731;0,2093;0,8271;0,5916;0,94;1,24;1,29;1,4;1,34
01-08-2016;-0,2634;-0,1587;0,1659;0,7045;0,4906;1,08;1,29;1,39;1,56;1,5
01-09-2016;-0,0996;-0,0001;0,2045;0,7026;0,4091;0,88;1,18;1,43;1,65;1,67
01-10-2016;-0,5445;-0,291;0,0049;0,4764;0,3008;1,42;1,56;1,76;2,02;1,95
01-11-2016;-0,7563;-0,2937;0,1419;0,6614;0,5775;1,9;1,89;2;2,2;2,1
01-12-2016;-0,8275;-0,2061;0,3971;0,8938;1,0004;2,03;2,17;2,09;2,22;2,02
01-01-2017;-0,9834;-0,2976;0,2943;0,8215;0,8863;2,18;2,22;2,14;2,2;2,05
01-02-2017;-1,74;-0,7819;-0,192;0,3488;0,3979;2,98;2,68;2,61;2,68;2,54
01-03-2017;-0,8496;-0,3815;0,1473;0,7315;0,6761;2,13;2,39;2,33;2,35;2,27
01-04-2017;-0,671;-0,4692;0,039;0,6044;0,5471;1,95;2,29;2,26;2,34;2,23
01-05-2017;-0,4056;-0,3427;0,0718;0,557;0,4863;1,69;2,18;2,23;2,4;2,27
01-06-2017;-0,2219;-0,1018;0,195;0,6049;0,4918;1,62;1,87;1,99;2,2;2,12
01-07-2017;-0,0523;0,0923;0,4136;0,8235;0,7348;1,41;1,78;1,91;2,06;2,04
01-08-2017;-0,3114;0,0904;0,3945;0,8668;0,6986;1,64;1,69;1,82;1,93;1,94
01-09-2017;-0,1908;0,2816;0,6836;1,1641;1,0857;1,68;1,52;1,52;1,62;1,51
01-10-2017;-0,1565;0,2543;0,5934;1,0125;0,9325;1,76;1,73;1,77;1,87;1,81
01-11-2017;-0,0915;0,149;0,4551;0,8438;0,7612;1,89;1,9;1,89;1,96;1,89
01-12-2017;0,452;0,3021;0,4179;0,7091;0,5336;1,44;1,88;1,98;2,06;2,09
01-01-2018;-0,3193;0,2053;0,4811;0,8396;0,757;2,47;2,17;2,1;2,04;2,02
01-02-2018;-0,153;0,4196;0,6595;0,8929;0,8995;2,43;2,18;2,2;2,24;2,22
01-03-2018;0,2921;0,5037;0,704;0,9202;0,9043;1,99;2,13;2,14;2,17;2,15
01-04-2018;0,7754;0,9551;0,9726;1,0972;0,99;1,72;1,74;1,9;1,97;2,05
01-05-2018;0,4112;0,4872;0,6793;0,8983;0,8714;2,01;2,33;2,3;2,23;2,27
01-06-2018;0,7876;0,7928;0,9299;1,1061;1,067;1,75;1,99;1,98;1,94;1,97
01-07-2018;0,7869;0,7561;0,8576;0,9922;0,9592;1,89;2,02;2,03;2,02;2,04
01-08-2018;1,1451;0,9415;0,9988;1,0595;1,0561;1,49;1,83;1,89;1,98;1,95
01-09-2018;0,9308;0,7284;0,883;1,0312;1,0376;1,89;2,16;2,12;2,12;2,07
01-10-2018;1,2701;1,1568;1,2563;1,5044;1,3558;1,61;1,84;1,89;1,84;1,94
01-11-2018;1,178;1,094;1,104;1,3044;1,114;1,63;1,86;2,02;2,06;2,18
01-12-2018;1,5113;0,9061;0,8143;1,0326;0,7225;0,99;1,77;2,02;2,07;2,26
01-01-2019;1,2275;0,592;0,5751;0,8733;0,5581;1,23;1,95;2,13;2,17;2,32
01-02-2019;0,8624;0,5451;0,5911;0,9141;0,637;1,66;1,94;2,09;2,11;2,23
01-03-2019;0,4445;0,3494;0,4889;0,834;0,6284;1,84;2,02;2,08;2,15;2,14
01-04-2019;0,7145;0,5692;0,6294;0,9868;0,6895;1,56;1,76;1,9;1,95;2,04
01-05-2019;0,9074;0,5802;0,6635;1,0095;0,7468;1,06;1,61;1,74;1,81;1,86
01-06-2019;0,7511;0,404;0,4918;0,9486;0,5796;1,02;1,43;1,58;1,62;1,73
01-07-2019;0,6646;0,3247;0,4119;0,9129;0,4991;1,24;1,51;1,65;1,66;1,79
01-08-2019;0,3883;-0,0574;-0,0251;0,4208;0,0072;1,15;1,55;1,66;1,7;1,76
01-09-2019;0,2392;-0,0133;-0,0084;0,524;-0,0034;1,43;1,58;1,71;1,64;1,83
01-10-2019;0,2383;0,1664;0,1815;0,5492;0,1966;1,31;1,36;1,53;1,64;1,69
01-11-2019;0,0555;0,0324;0,1457;0,5885;0,2589;1,59;1,61;1,66;1,69;1,72
01-12-2019;0,5099;0,2777;0,4085;0,7915;0,5393;1,09;1,4;1,45;1,51;1,5
01-01-2020;0,3508;0,1254;0,274;0,6609;0,4226;1;1,43;1,49;1,56;1,54
01-02-2020;-0,1225;-0,1259;-0,1301;0,3012;-0,1342;1,01;1,45;1,63;1,67;1,81
