Date;CPI;Fraction;GS2;GS10;2y_returns;2y_real_returns;10y_returns;10y_real_returns
1962-01;30;1962,041667;;4,102;;;1,011592523;1
1962-02;30,1;1962,125;;4,002;;;1,011592523;1
1962-03;30,1;1962,208333;;3,862;;;1,014853831;1,00823175
1962-04;30,2;1962,291667;;3,862;;;1,003218333;1,023207854
1962-05;30,2;1962,375;;3,902;;;0,999933378;1,023101868
1962-06;30,2;1962,458333;;4,002;;;0,995077477;1,023033707
1962-07;30,3;1962,541667;;4,042;;;1,000071408;1,017997801
1962-08;30,3;1962,625;;3,962;;;1,009919884;1,014710526
1962-09;30,4;1962,708333;;3,942;;;1,004941082;1,024776337
1962-10;30,4;1962,791667;;3,922;;;1,004925946;1,02645221
1962-11;30,4;1962,875;;3,922;;;1,003268333;1,031508458
1962-12;30,4;1962,958333;;3,852;;;1,009030439;1,034879772
1963-01;30,4;1963,041667;;3,872;;;1,001565221;1,04422519
1963-02;30,4;1963,125;;3,942;;;0,997488712;1,045859633
1963-03;30,5;1963,208333;;3,952;;;1,002465674;1,043233178
1963-04;30,5;1963,291667;;3,952;;;1,003293333;1,042376581
1963-05;30,5;1963,375;;3,962;;;1,002474389;1,045809475
1963-06;30,6;1963,458333;;4,002;;;1,000031991;1,048397215
1963-07;30,7;1963,541667;;4,002;;;1,003335;1,04500451
1963-08;30,7;1963,625;;4,022;;;1,001701684;1,045074324
1963-09;30,7;1963,708333;;4,072;;;0,999277868;1,046852711
1963-10;30,8;1963,791667;;4,152;;;0,996899451;1,046096745
1963-11;30,8;1963,875;;4,082;;;1,009160666;1,039467383
1963-12;30,9;1963,958333;;4,142;;;0,998528991;1,048989596
1964-01;30,9;1964,041667;;4,152;;;1,002639931;1,044056729
1964-02;30,9;1964,125;;4,182;;;1,001028184;1,046812967
1964-03;30,9;1964,208333;;4,232;;;0,999441367;1,047889284
1964-04;30,9;1964,291667;;4,222;;;1,004335768;1,047303898
1964-05;30,9;1964,375;;4,192;;;1,00594902;1,051844766
1964-06;31;1964,458333;;4,152;;;1,006740275;1,058102212
1964-07;31,1;1964,541667;;4,192;;;1,000219084;1,061797872
1964-08;31;1964,625;;4,212;;;1,001874379;1,058615606
1964-09;31,1;1964,708333;;4,182;;;1,005941816;1,064021142
1964-10;31,1;1964,791667;;4,162;;;1,005107717;1,066901741
1964-11;31,2;1964,875;;4,202;;;1,000228921;1,072351173
1964-12;31,2;1964,958333;;4,212;;;1,002692189;1,069158847
1965-01;31,2;1965,041667;;4,192;;;1,005130458;1,072037225
1965-02;31,2;1965,125;;4,222;;;1,001066028;1,077537267
1965-03;31,3;1965,208333;;4,202;;;1,005138039;1,078685952
1965-04;31,4;1965,291667;;4,212;;;1,002692189;1,080764295
1965-05;31,4;1965,375;;4,232;;;1,001892547;1,080222726
1965-06;31,6;1965,458333;;4,202;;;1,005956226;1,082267098
1965-07;31,6;1965,541667;;4,222;;;1,001883463;1,081822735
1965-08;31,6;1965,625;;4,272;;;0,999482193;1,083860308
1965-09;31,6;1965,708333;;4,352;;;0,99712606;1,083299078
1965-10;31,7;1965,791667;;4,412;;;0,998814586;1,080185742
1965-11;31,7;1965,875;;4,482;;;0,998080701;1,075501788
1965-12;31,8;1965,958333;;4,652;;;0,990250892;1,073437579
1966-01;31,8;1966,041667;;4,692;;;1,000709769;1,059629838
1966-02;32;1966,125;;5,022;;;0,9781755;1,060381931
1966-03;32,1;1966,208333;;4,712;;;1,02870589;1,030756879
1966-04;32,3;1966,291667;;4,792;;;0,997621912;1,057042414
1966-05;32,3;1966,375;;4,802;;;1,003205601;1,047999085
1966-06;32,4;1966,458333;;4,972;;;0,990714146;1,051358552
1966-07;32,5;1966,541667;;5,052;;;0,997913215;1,038380988
1966-08;32,7;1966,625;;5,362;;;0,980406889;1,03302576
1966-09;32,7;1966,708333;;5,022;;;1,030982666;1,006591164
1966-10;32,9;1966,791667;;4,972;;;1,008093094;1,037778042
1966-11;32,9;1966,875;;5,122;;;0,992499142;1,03981714
1966-12;32,9;1966,958333;;4,642;;;1,04235864;1,032017619
1967-01;32,9;1967,041667;;4,522;;;1,013443723;1,075732482
1967-02;32,9;1967,125;;4,722;;;0,987955676;1,090194331
1967-03;33;1967,208333;;4,502;;;1,02150609;1,077063678
1967-04;33,1;1967,291667;;4,782;;;0,981674891;1,096893085
1967-05;33,2;1967,375;;4,812;;;1,001622887;1,07353925
1967-06;33,3;1967,458333;;5,222;;;0,972327324;1,072042683
1967-07;33,4;1967,541667;;5,162;;;1,009000852;1,039246134
1967-08;33,5;1967,625;;5,272;;;0,995820765;1,045460713
1967-09;33,6;1967,708333;;5,312;;;1,001314976;1,037983751
1967-10;33,7;1967,791667;;5,642;;;0,979407351;1,036255375
1967-11;33,8;1967,875;;5,742;;;0,997154215;1,011904511
1967-12;33,9;1967,958333;;5,702;;;1,007809436;1,006039568
1968-01;34,1;1968,041667;;5,542;;;1,016937248;1,010905325
1968-02;34,2;1968,125;;5,562;;;1,003096514;1,021997793
1968-03;34,3;1968,208333;;5,762;;;0,989553708;1,022164873
1968-04;34,4;1968,291667;;5,742;;;1,006311157;1,008538099
1968-05;34,5;1968,375;;5,862;;;0,995776904;1,011952841
1968-06;34,7;1968,458333;;5,642;;;1,021564544;1,004758458
1968-07;34,9;1968,541667;;5,392;;;1,023871585;1,020509618
1968-08;35;1968,625;;5,422;;;1,002196074;1,038883001
1968-09;35,1;1968,708333;;5,492;;;0,999175052;1,038189709
1968-10;35,3;1968,791667;;5,612;;;0,995466385;1,034377891
1968-11;35,4;1968,875;;5,782;;;0,991869124;1,023854492
1968-12;35,5;1968,958333;;6,162;;;0,976674272;1,01266093
1969-01;35,6;1969,041667;;6,192;;;1,002916081;0,986253849
1969-02;35,8;1969,125;;6,262;;;0,999998702;0,98635139
1969-03;36,1;1969,208333;;6,302;;;1,002274285;0,980839775
1969-04;36,3;1969,291667;;6,202;;;1,012644754;0,974900923
1969-05;36,4;1969,375;;6,562;;;0,978976965;0,98178903
1969-06;36,6;1969,458333;;6,732;;;0,993193109;0,958508326
1969-07;36,8;1969,541667;;6,662;;;1,010680209;0,946781767
1969-08;37;1969,625;;6,832;;;0,99333064;0,951693086
1969-09;37,1;1969,708333;;7,512;;;0,958247805;0,940235924
1969-10;37,3;1969,791667;;6,942;;;1,047037811;0,898550495
1969-11;37,5;1969,875;;7,292;;;0,981128398;0,935771752
1969-12;37,7;1969,958333;;7,882;;;0,965567863;0,913215641
1970-01;37,8;1970,041667;;7,752;;;1,015544497;0,877093841
1970-02;38;1970,125;;6,902;;;1,067376459;0,888371401
1970-03;38,2;1970,208333;;7,082;;;0,992953648;0,943236053
1970-04;38,5;1970,291667;;7,822;;;0,954961642;0,931686069
1970-05;38,6;1970,375;;7,952;;;0,997619686;0,88279154
1970-06;38,8;1970,458333;;7,682;;;1,025326293;0,878408638
1970-07;39;1970,541667;;7,382;;;1,027452769;0,896012918
1970-08;39;1970,625;;7,492;;;0,998469951;0,915889872
1970-09;39,2;1970,708333;;7,292;;;1,02033282;0,914488515
1970-10;39,4;1970,791667;;7,332;;;1,003263703;0,92832202
1970-11;39,6;1970,875;;6,492;;;1,06741369;0,926624113
1970-12;39,8;1970,958333;;6,502;;;1,004680519;0,984095854
1971-01;39,8;1971,041667;;6,092;;;1,035879658;0,983733581
1971-02;39,9;1971,125;;6,142;;;1,001370183;1,019029606
1971-03;40;1971,208333;;5,532;;;1,051596905;1,017868405
1971-04;40,1;1971,291667;;6,082;;;0,963728926;1,067711296
1971-05;40,3;1971,375;;6,382;;;0,983066637;1,026418215
1971-06;40,6;1971,458333;;6,702;;;0,982181299;1,004029873
1971-07;40,7;1971,541667;;6,852;;;0,994811269;0,97885262
1971-08;40,8;1971,625;;6,282;;;1,047700177;0,971381053
1971-09;40,8;1971,708333;;6,002;;;1,026122016;1,0152217
1971-10;40,9;1971,791667;;5,872;;;1,014756046;1,041741337
1971-11;40,9;1971,875;;5,932;;;1,000403446;1,054528691
1971-12;41,1;1971,958333;;5,892;;;1,007941981;1,054954136
1972-01;41,1;1972,041667;;6,092;;;0,990050817;1,058158194
1972-02;41,3;1972,125;;6,042;;;1,008799801;1,047630385
1972-03;41,4;1972,208333;;6,122;;;0,999099312;1,05173141
1972-04;41,5;1972,291667;;6,142;;;1,003619073;1,048246002
1972-05;41,6;1972,375;;6,052;;;1,011816969;1,049504645
1972-06;41,7;1972,458333;;6,152;;;0,997633685;1,059353949
1972-07;41,9;1972,541667;;6,122;;;1,00735255;1,054312779
1972-08;42;1972,625;;6,422;;;0,983139156;1,056995145
1972-09;42,1;1972,708333;;6,542;;;0,996613447;1,036699092
1972-10;42,3;1972,791667;;6,412;;;1,014972996;1,030734127
1972-11;42,4;1972,875;;6,282;;;1,01492004;1,041220887
1972-12;42,5;1972,958333;;6,412;;;0,995713671;1,054263596
1973-01;42,6;1973,041667;;6,542;;;0,995876929;1,047274688
1973-02;42,9;1973,125;;6,642;;;0,998202082;1,040508445
1973-03;43,3;1973,208333;;6,732;;;0,999036352;1,031374495
1973-04;43,6;1973,291667;;6,702;;;1,007779097;1,020862086
1973-05;43,9;1973,375;;6,932;;;0,989123534;1,021724548
1973-06;44,2;1973,458333;;6,942;;;1,005061266;1,003705565
1973-07;44,3;1973,541667;;7,432;;;0,971476635;1,001938625
1973-08;45,1;1973,625;;7,252;;;1,01889613;0,971162764
1973-09;45,2;1973,708333;;6,902;;;1,031126581;0,971961627
1973-10;45,6;1973,791667;;6,712;;;1,019483195;0,999998178
1973-11;45,9;1973,875;;6,692;;;1,007040039;1,010538519
1973-12;46,2;1973,958333;;6,902;;;0,990526718;1,011001425
1974-01;46,6;1974,041667;;7,002;;;0,998616566;0,99492117
1974-02;47,2;1974,125;;7,012;;;1,005121804;0,985016481
1974-03;47,8;1974,208333;;7,412;;;0,977812005;0,977476015
1974-04;48;1974,291667;;7,662;;;0,988847123;0,943790445
1974-05;48,6;1974,375;;7,522;;;1,016148935;0,929375865
1974-06;49;1974,458333;;7,642;;;0,997942907;0,93272523
1974-07;49,4;1974,541667;;7,892;;;0,989211023;0,923208107
1974-08;50;1974,625;;8,112;;;0,991621192;0,905852918
1974-09;50,6;1974,708333;;7,942;;;1,018401732;0,887483795
1974-10;51,1;1974,791667;;7,792;;;1,016957468;0,89309786
1974-11;51,5;1974,875;;7,642;;;1,016900116;0,899355625
1974-12;51,9;1974,958333;;7,402;;;1,023194487;0,9074515
1975-01;52,1;1975,041667;;7,532;;;0,997105777;0,921343308
1975-02;52,5;1975,125;;7,462;;;1,01117144;0,915150145
1975-03;52,7;1975,208333;;8,012;;;0,9686678;0,918323225
1975-04;52,9;1975,291667;;8,312;;;0,986457761;0,886174236
1975-05;53,2;1975,375;;8,042;;;1,025336677;0,87086845
1975-06;53,6;1975,458333;;7,962;;;1,012175388;0,887898024
1975-07;54,2;1975,541667;;8,202;;;0,990383124;0,892001747
1975-08;54,3;1975,625;;8,282;;;1,001436332;0,873643881
1975-09;54,6;1975,708333;;8,482;;;0,993520389;0,873287492
1975-10;54,9;1975,791667;;7,912;;;1,046153119;0,862861737
1975-11;55,3;1975,875;;8,142;;;0,990978287;0,89775279
1975-12;55,5;1975,958333;;7,762;;;1,033011621;0,883218415
1976-01;55,6;1976,041667;;7,802;;;1,003712427;0,909087049
1976-02;55,8;1976,125;;7,772;;;1,00857129;0,91082085
1976-03;55,9;1976,208333;;7,662;;;1,014101666;0,915335188
1976-04;56,1;1976,291667;;7,672;;;1,00569212;0,926582397
1976-05;56,5;1976,375;;7,962;;;0,986551093;0,928534488
1976-06;56,8;1976,458333;7,02;7,862;;;1,013506854;0,909561428
1976-07;57,1;1976,541667;6,74;7,862;1,010871284;1;1,006551667;0,916977832
1976-08;57,4;1976,625;6,5;7,662;1,009930702;1,005560226;1,020415302;0,918136254
1976-09;57,6;1976,708333;6,33;7,552;1,008477512;1,010238412;1,014046629;0,931983696
1976-10;57,9;1976,791667;6,03;7,422;1,010692332;1,015265211;1,015399533;0,941793415
1976-11;58;1976,875;5,42;7,012;1,016106146;1,020804076;1,035426027;0,951341689
1976-12;58,2;1976,958333;5,34;6,812;1,005971071;1,035456942;1,020233732;0,983345593
1977-01;58,5;1977,041667;6,189;7,402;0,989142732;1,03806021;0,964312372;0,999794777
1977-02;59,1;1977,125;6,089;7,802;1,006962237;1,021524124;0,978609274;0,959170296
1977-03;59,5;1977,208333;6,019;7,422;1,006338347;1,01819321;1,033119787;0,929123475
1977-04;60;1977,291667;6,149;7,452;1,002671049;1,01775849;1,004086323;0,953442766
1977-05;60,3;1977,375;6,189;7,382;1,004402976;1,011972997;1,011121924;0,949361018
1977-06;60,7;1977,458333;6,089;7,202;1,006962237;1,011371831;1,018882364;0,955144018
1977-07;61;1977,541667;6,509;7,422;0,997525268;1,011702117;0,990591176;0,966766352
1977-08;61,2;1977,625;6,599;7,112;1,003807964;1,004235154;1,028196964;0,952960363
1977-09;61,4;1977,708333;6,829;7,412;1,001378114;1,004764934;0,98490317;0,976628891
1977-10;61,6;1977,791667;7,239;7,622;0,998373853;1,002872255;0,991594476;0,958751716
1977-11;61,9;1977,875;7,119;7,552;1,008176555;0,997990653;1,011227249;0,94760624
1977-12;62,1;1977,958333;7,249;7,782;1,003612707;1,001274443;0,990433109;0,95360109
1978-01;62,5;1978,041667;7,479;7,942;1,001945747;1,001655388;0,995528076;0,941436295
1978-02;62,9;1978,125;7,579;8,042;1,004453755;0,997181287;0,999799811;0,931228015
1978-03;63,4;1978,208333;7,709;8,152;1,004006381;0,995252871;0,999236821;0,92512082
1978-04;63,9;1978,291667;7,979;8,242;1,001640155;0,991359789;1,000709369;0,91712445
1978-05;64,5;1978,375;8,129;8,422;1,003995243;0,985215931;0,994794163;0,910593691
1978-06;65,2;1978,458333;8,489;8,622;1,000426906;0,979950693;0,993716985;0,897426746
1978-07;65,7;1978,541667;8,479;8,562;1,007250497;0,969843606;1,011185656;0,882213787
1978-08;66;1978,625;8,469;8,392;1,00724218;0,969441089;1,018553073;0,885292871
1978-09;66,5;1978,708333;8,709;8,562;1,002834985;0,972023493;0,995658142;0,897619058
1978-10;67,1;1978,791667;9,129;8,962;0,999898008;0,967449998;0,980914825;0,887002011
1978-11;67,4;1978,875;9,559;8,862;1,000103953;0,958701389;1,014051296;0,862293332
1978-12;67,7;1978,958333;9,989;9,152;1,000493275;0,954533388;0,988527839;0,87051764
1979-01;68,3;1979,041667;9,649;8,952;1,014252064;0,950772311;1,020742322;0,856717638
1979-02;69,1;1979,125;9,899;9,172;1,00369256;0,955851422;0,993166664;0,866805773
1979-03;69,8;1979,208333;9,729;9,112;1,011210833;0,948273801;1,011551425;0,850915796
1979-04;70,6;1979,291667;9,919;9,352;1,004803448;0,949288217;0,992118645;0,852112972
1979-05;71,5;1979,375;9,569;9,062;1,014372784;0,943039597;1,026722493;0,835817595
1979-06;72,3;1979,458333;8,979;8,812;1,018327479;0,944552662;1,024044133;0,847350803
1979-07;73,1;1979,541667;9,319;9,012;1,001535724;0,951220899;0,994261036;0,858123239
1979-08;73,8;1979,625;9,849;9,242;0,998543059;0,942255647;0,992611108;0,843861171
1979-09;74,6;1979,708333;10,109;9,442;1,003694419;0,931958474;0,994854871;0,82968101
1979-10;75,2;1979,791667;12,069;10,722;0,975034975;0,925370403;0,929908069;0,816560589
1979-11;75,9;1979,875;11,339;10,382;1,022580281;0,895069557;1,02993518;0,753267826
1979-12;76,7;1979,958333;11,239;10,332;1,011166258;0,906839157;1,011746318;0,768661936
1980-01;77,8;1980,041667;11,879;11,132;0,998443458;0,907400983;0,96069475;0,769579375
1980-02;78,9;1980,125;14,739;12,722;0,962396847;0,893178968;0,919926704;0,728877601
1980-03;80,1;1980,208333;14,639;12,642;1,013944989;0,847608442;1,015111493;0,661165865
1980-04;81;1980,291667;10,819;10,762;1,078056418;0,846553001;1,124851371;0,661102281
1980-05;81,8;1980,375;9,259;10,252;1,036316831;0,902491541;1,040638464;0,73537912
1980-06;82,7;1980,458333;8,979;10,092;1,012629269;0,926120307;1,018545228;0,757779555
1980-07;82,7;1980,541667;9,729;10,762;0,994416324;0,927610546;0,967669591;0,763433119
1980-08;83,3;1980,625;11,369;11,552;0,979982201;0,922431069;0,962451121;0,738751015
1980-09;84;1980,708333;12,139;11,862;0,996365738;0,89745487;0,991599513;0,705890409
1980-10;84,8;1980,791667;13,089;12,462;0,994088656;0,886741672;0,975819313;0,694127581
1980-11;85,5;1980,875;14,139;12,722;0,993368691;0,873183801;0,995774314;0,67095307
1980-12;86,3;1980,958333;13,069;12,432;1,029837593;0,860291983;1,027086364;0,662647863
1981-01;87;1981,041667;13,269;12,682;1,007522453;0,877748176;0,996289055;0,674287462
1981-02;87,9;1981,125;14,089;13,432;0,997354045;0,877235528;0,969578948;0,666380049
1981-03;88,5;1981,208333;13,179;13,132;1,027080065;0,865956234;1,02778225;0,639492626
1981-04;89,1;1981,291667;14,849;14,112;0,983273904;0,883376512;0,958773741;0,652803176
1981-05;89,8;1981,375;14,409;13,502;1,019705025;0,862751906;1,04500738;0,621675792
1981-06;90,6;1981,458333;14,669;13,862;1,007686253;0,872894695;0,991901972;0,644591659
1981-07;91,6;1981,541667;15,849;14,672;0,992829089;0,871837062;0,969344385;0,633726071
1981-08;92,3;1981,625;16,739;15,412;0,998700609;0,856135576;0,974727928;0,60759249
1981-09;93,2;1981,708333;16,699;15,842;1,014601406;0,848538656;0,991399929;0,587745861
1981-10;93,4;1981,791667;14,599;14,632;1,048841285;0,852614826;1,076347953;0,577064358
1981-11;93,7;1981,875;12,369;13,132;1,050046081;0,892342731;1,095137916;0,619792015
1981-12;94;1981,958333;13,639;13,982;0,98899322;0,934000984;0,965467419;0,676584552
1982-01;94,3;1982,041667;14,249;14,142;1,001187215;0,920772596;1,003143987;0,651135595
1982-02;94,6;1982,125;14,449;14,032;1,008543217;0,918932986;1,017658804;0,651104763
1982-03;94,5;1982,208333;14,529;14,182;1,01070946;0,92384457;1,003729616;0,660501219
1982-04;94,9;1982,291667;13,999;13,872;1,020972158;0,93472653;1,028474141;0,663666184
1982-05;95,8;1982,375;13,629;13,712;1,017876094;0,950307297;1,020209872;0,679686529
1982-06;97;1982,458333;14,669;14,442;0,994072513;0,958207757;0,973053479;0,686908495
1982-07;97,5;1982,541667;13,179;13,682;1,037340052;0,940744141;1,053169651;0,660129852
1982-08;97,7;1982,625;11,999;12,812;1,031097583;0,970867107;1,060118043;0,69166345
1982-09;97,9;1982,708333;11,239;11,732;1,023049061;0,999009477;1,073809984;0,731743889
1982-10;98,2;1982,791667;9,829;10,712;1,033906614;1,019947789;1,071926759;0,784148677
1982-11;98;1982,875;9,969;10,792;1,005757439;1,051309185;1,00406812;0,837982078
1982-12;97,6;1982,958333;9,533;10,389;1,015917654;1,059519915;1,033877525;0,843108215
1983-01;97,8;1983,041667;9,589;10,802;1,006967243;1,0807964;0,983585532;0,875243055
1983-02;97,9;1983,125;9,319;10,272;1,012713273;1,086100955;1,041886515;0,859115922
1983-03;97,9;1983,208333;9,879;10,622;0,998023828;1,09878535;0,987154978;0,894186993
1983-04;98,6;1983,291667;9,359;10,272;1,017324062;1,096613961;1,030568076;0,882701141
1983-05;99,2;1983,375;9,988;10,801;0,996868273;1,107691605;0,97644471;0,903225416
1983-06;99,5;1983,458333;10,15;10,899;1,005512444;1,097543851;1,003075133;0,876615307
1983-07;99,9;1983,541667;10,978;11,764;0,994205247;1,100266581;0,95858245;0,876659827
1983-08;100,2;1983,625;11,098;11,94;1,007085041;1,089510864;0,999600535;0,836985957
1983-09;100,7;1983,708333;10,476;11,39;1,020007022;1,093944974;1,042548327;0,834146665
1983-10;101;1983,791667;10,562;11,717;1,007243691;1,11029118;0,990364756;0,865320245
1983-11;101,2;1983,875;10,615;11,589;1,007886151;1,115012003;1,017289882;0,85443718
1983-12;101,3;1983,958333;10,813;11,801;1,005432094;1,121584198;0,997299008;0,867492492
1984-01;101,9;1984,041667;10,563;11,642;1,013331457;1,126563543;1,019162552;0,864295355
1984-02;102,4;1984,125;11,008;12,055;1,001144527;1,134860496;0,985869858;0,87567086
1984-03;102,6;1984,208333;11,491;12,471;1,000899747;1,130611722;0,986435389;0,859082186
1984-04;103,1;1984,291667;11,867;12,798;1,003158203;1,129423082;0,992071757;0,845777162
1984-05;103,4;1984,375;12,925;13,804;0,992012115;1,127495412;0,956472102;0,835002422
1984-06;103,7;1984,458333;13,156;13,839;1,006876178;1,115243976;1,009620442;0,796339337
1984-07;104,1;1984,541667;12,525;12,867;1,021666003;1,11966405;1,065842685;0,801674532
1984-08;104,5;1984,625;12,492;12,771;1,010997403;1,139527218;1,016106795;0,851175712
1984-09;105;1984,708333;12,029;12,431;1,018300355;1,147649263;1,029970154;0,861574859
1984-10;105,3;1984,791667;11,063;11,741;1,026639237;1,163086644;1,050679735;0,883170692
1984-11;105,3;1984,875;10,472;11,528;1,019442043;1,190668474;1,022338315;0,925285875
1984-12;105,3;1984,958333;10,007;11,514;1,016806058;1,213817502;1,010432289;0,945955203
1985-01;105,5;1985,041667;9,917;11,173;1,009904274;1,23421699;1,029984819;0,955823681
1985-02;106;1985,125;10,648;11,891;0,995640961;1,244078091;0,967606185;0,982617561
1985-03;106,4;1985,208333;10,44;11,647;1,012472338;1,232812394;1,024221539;0,946301986
1985-04;106,9;1985,291667;9,899;11,385;1,018109663;1,243496008;1,025237637;0,965579181
1985-05;107,3;1985,375;8,873;10,264;1,026271839;1,260093808;1,079065101;0,985317865
1985-06;107,6;1985,458333;8,613;10,179;1,011972805;1,288377918;1,013847684;1,059258572
1985-07;107,8;1985,541667;8,988;10,51;1,000597577;1,300168276;0,988145909;1,070932631
1985-08;108;1985,625;8,954;10,267;1,008086776;1,298531599;1,023838848;1,056274362
1985-09;108,3;1985,708333;8,852;10,273;1,009253758;1,306608399;1,008183567;1,079452032
1985-10;108,7;1985,791667;8,658;9,94;1,010791549;1,315046529;1,029509351;1,085271159
1985-11;109;1985,875;8,44;9,56;1,011060441;1,324346519;1,032571506;1,113185319
1985-12;109,3;1985,958333;7,97;8,986;1,015361784;1,33530907;1,045554303;1,146279835
1986-01;109,6;1986,041667;7,944;9,049;1,007102506;1,352100422;1,00337387;1,19520825
1986-02;109,3;1986,125;7,683;8,134;1,011257839;1,357976432;1,069683;1,195958135
1986-03;108,8;1986,208333;6,896;7,344;1,020494472;1,377033565;1,062305178;1,282807419
1986-04;108,6;1986,291667;6,786;7,335;1,00771843;1,411713115;1,006752834;1,368995523
1986-05;108,9;1986,375;7,357;8,051;0,995476446;1,425229231;0,95731086;1,380778317
1986-06;109,5;1986,458333;6,771;7,321;1,01663649;1,414873639;1,058070491;1,318192663
1986-07;109,5;1986,541667;6,481;7,275;1,010856258;1,430530461;1,009343831;1,387098342
1986-08;109,7;1986,625;5,915;6,919;1,015633023;1,446060668;1,031556608;1,400059155
1986-09;110,2;1986,708333;6,333;7,421;0,997403309;1,465989362;0,970600357;1,4416072
1986-10;110,3;1986,791667;6,232;7,321;1,007097742;1,455548418;1,013219964;1,392875895
1986-11;110,4;1986,875;6,191;7,136;1,005932539;1,464550531;1,019223152;1,410010164
1986-12;110,5;1986,958333;6,343;7,223;1,002422758;1,471904579;0,999799165;1,435813269
1987-01;111,2;1987,041667;6,337;7,178;1,005393856;1,47413538;1,009205197;1,43422579
1987-02;111,6;1987,125;6,31;7,159;1,005767062;1,472756972;1,007328003;1,438316613
1987-03;112,1;1987,208333;6,621;7,537;0,999674652;1,475941312;0,979620457;1,443663567
1987-04;112,7;1987,291667;7,321;8,179;0,993035047;1,468880113;0,96276396;1,407934413
1987-05;113,1;1987,375;7,682;8,463;0,999685982;1,450883775;0,98779894;1,348291962
1987-06;113,5;1987,458333;7,469;8,367;1,010194441;1,445298451;1,013507278;1,327131056
1987-07;113,8;1987,541667;7,616;8,652;1,003610351;1,454886973;0,988042358;1,340316695
1987-08;114,4;1987,625;7,931;8,967;1,000762722;1,4562904;0,986565995;1,32079857
1987-09;115;1987,708333;8,56;9,587;0,995526706;1,449757433;0,967889305;1,296220751
1987-10;115,3;1987,791667;7,558;8,875;1,024959988;1,435742125;1,054833948;1,248052472
1987-11;115,4;1987,875;7,741;8,972;1,003048344;1,46774932;1,00104014;1,313062736
1987-12;115,4;1987,958333;7,779;8,859;1,005776221;1,470947768;1,014916364;1,313289486
1988-01;115,7;1988,041667;7,196;8,256;1,016891239;1,479444287;1,048120507;1,332878989
1988-02;116;1988,125;7,099;8,149;1,007730115;1,500533069;1,014142198;1,393395457
1988-03;116,5;1988,208333;7,383;8,542;1,000854574;1,508221675;0,980564101;1,40944656
1988-04;117,1;1988,291667;7,72;8,889;1,000166328;1,503031976;0,98430167;1,376121143
1988-05;117,5;1988,375;8,168;9,151;0,99850994;1,495579417;0,99037031;1,347578022
1988-06;118;1988,458333;8,026;8,873;1,009321557;1,488267167;1,025917908;1,33005794
1988-07;118,5;1988,541667;8,366;9,105;1,00068656;1,495775133;0,992278398;1,358748351
1988-08;119;1988,625;8,685;9,236;1,001357938;1,490486452;0,999099459;1,342567791
1988-09;119,8;1988,708333;8,474;8,935;1,01095824;1,486239389;1,027449987;1,335722792
1988-10;120,2;1988,791667;8,206;8,644;1,011799809;1,492492394;1,026781111;1,363223835
1988-11;120,3;1988,875;8,814;9,054;0,996152143;1,505078217;0,980432343;1,395074473
1988-12;120,5;1988,958333;9,134;9,137;1,001738039;1,4980406;1,002144524;1,366639163
1989-01;121,1;1989,041667;9,096;8,98;1,008277738;1,498153557;1,017897724;1,367296808
1989-02;121,6;1989,125;9,488;9,295;1,000734876;1,503070709;0,987123929;1,384872677
1989-03;122,3;1989,208333;9,669;9,275;1,004751541;1,497990349;1,009039585;1,361419901
1989-04;123,1;1989,291667;9,276;9,053;1,014934124;1,496493429;1,022225293;1,365863869
1989-05;123,8;1989,375;8,802;8,6;1,016061976;1,508971623;1,037700066;1,387146862
1989-06;124,1;1989,458333;8,042;8,077;1,020792888;1,524539497;1,042773665;1,431303378
1989-07;124,4;1989,541667;7,518;7,804;1,01602781;1,552477015;1,025538258;1,48891743
1989-08;124,6;1989,625;8,397;8,251;0,990753306;1,573555899;0,976298013;1,523259453
1989-09;125;1989,708333;8,445;8,286;1,006150838;1,556503292;1,004514322;1,48476809
1989-10;125,6;1989,791667;7,866;7,909;1,017307793;1,561065645;1,032759174;1,486698105
1989-11;125,9;1989,875;7,733;7,826;1,008917197;1,580497856;1,012303385;1,528066388
1989-12;126,1;1989,958333;7,841;7,935;1,004528;1,590791805;0,999055;1,543180836
1990-01;127,4;1990,041667;8,254;8,418;0,999235869;1,595460422;0,974207915;1,539277292
1990-02;128;1990,125;8,422;8,515;1,003914358;1,577973514;1,000534248;1,484274323
1990-03;128,7;1990,208333;8,622;8,628;1,00349661;1,576724562;0,999582498;1,478106041
1990-04;128,9;1990,291667;8,944;9,022;1,001532639;1,573631954;0,981428803;1,469452859
1990-05;129,2;1990,375;8,482;8,599;1,015599535;1,573598389;1,035678357;1,439925714
1990-06;129,9;1990,458333;8,22;8,412;1,01169977;1,594434928;1,019714938;1,487837127
1990-07;130,4;1990,541667;7,879;8,341;1,01289789;1,604396897;1,011789181;1,50899408
1990-08;131,6;1990,625;8,063;8,846;1,003308271;1,618859058;0,973684234;1,520929651
1990-09;132,7;1990,708333;7,987;8,795;1,008065673;1,609404214;1,010738567;1,467401527
1990-10;133,5;1990,791667;7,733;8,617;1,011167097;1,608936584;1,019169897;1,470864853
1990-11;133,8;1990,875;7,589;8,252;1,00900531;1,617154499;1,031844071;1,490078042
1990-12;133,8;1990,958333;7,229;8,067;1,012749457;1,628058918;1,019477317;1,53408082
1991-01;134,6;1991,041667;7,042;8,007;1,009367823;1,648815784;1,010819807;1,563960599
1991-02;134,8;1991,125;7,082;8,033;1,005153391;1,654369999;1,004898995;1,57148632
1991-03;135;1991,208333;7,031;8,061;1,006813671;1,66042841;1,004786547;1,576842018
1991-04;135,2;1991,291667;6,77;8,013;1,010538353;1,669265368;1,009994496;1,582042402
1991-05;135,6;1991,375;6,69;8,059;1,007077018;1,684361325;1,003543283;1,595490429
1991-06;136;1991,458333;6,898;8,227;1,001850638;1,6912778;0,995351763;1,596420564
1991-07;136,2;1991,541667;6,773;8,147;1,007989257;1,689424191;1,012285983;1,584326494
1991-08;136,6;1991,625;6,333;7,816;1,013566122;1,700420817;1,029580435;1,601436448
1991-09;137,2;1991,708333;5,982;7,445;1,011618751;1,718442113;1,032474911;1,643979502
1991-10;137,4;1991,791667;5,698;7,46;1,010130076;1,730805897;1,005155195;1,6899447
1991-11;137,8;1991,875;5,375;7,376;1,010618477;1,745794202;1,012112523;1,696184123
1991-12;137,9;1991,958333;4,751;6,699;1,015889222;1,75921045;1,055102464;1,711745943
1992-01;138,1;1992,041667;5,1;7,274;0,997599391;1,785866951;0,965043251;1,804757669
1992-02;138,6;1992,125;5,242;7,25;1,001665954;1,778999653;1,007755521;1,739146878
1992-03;139,3;1992,208333;5,583;7,528;0,998183666;1,775534945;0,986658357;1,746312232
1992-04;139,5;1992,291667;5,425;7,583;1,007522558;1,763403899;1,002447693;1,714355198
1992-05;139,7;1992,375;5,184;7,318;1,008908926;1,774122011;1,024966481;1,71608754
1992-06;140,2;1992,458333;4,834;7,121;1,010714659;1,787365003;1,020081047;1,756414051
1992-07;140,5;1992,541667;4,399;6,709;1,012010009;1,800073371;1,03571386;1,785294939
1992-08;140,9;1992,625;4,135;6,604;1,008522478;1,817802535;1,013215746;1,845106553
1992-09;141,3;1992,708333;3,795;6,354;1,009721578;1,82809019;1,023860987;1,864183727
1992-10;141,8;1992,791667;4,383;6,789;0,992371779;1,840636742;0,973964023;1,903261835
1992-11;142;1992,875;4,791;6,937;0,996195008;1,820155211;0,995067241;1,847172204
1992-12;141,9;1992,958333;4,558;6,686;1,008261068;1,81067569;1,023941819;1,835471732
1993-01;142,6;1993,041667;4,168;6,359;1,010970593;1,826920368;1,029578123;1,88074073
1993-02;143,1;1993,125;3,908;6,02;1,008267093;1,837896331;1,03056695;1,926864191
1993-03;143,6;1993,208333;3,957;6,024;1,002353663;1,846615583;1,004718575;1,978824178
1993-04;144;1993,291667;3,801;6,009;1,006176789;1,84451704;1,006138596;1,981238841
1993-05;144,2;1993,375;4,249;6,149;0,994935158;1,850754927;0,994632599;1,987863641
1993-06;144,4;1993,458333;4,002;5,776;1,008090692;1,83882722;1,033233026;1,974451685
1993-07;144,4;1993,541667;4,127;5,807;1,001035271;1,851137147;1,00248047;2,037243109
1993-08;144,8;1993,625;3,859;5,448;1,008382812;1,853053575;1,032297294;2,04229643
1993-09;145,1;1993,708333;3,875;5,382;1,002920737;1,863425532;1,009603157;2,102433164
1993-10;145,7;1993,791667;3,999;5,427;1,00094496;1,865004149;1,001039893;2,118234553
1993-11;145,8;1993,875;4,217;5,819;0,999325323;1,859079063;0,975039016;2,111705221
1993-12;145,8;1993,958333;4,234;5,794;1,003201733;1,856550557;1,00673161;2,057582774
1994-01;146,2;1994,041667;4,124;5,642;1,005552154;1,862494735;1,016352382;2,07143362
1994-02;146,7;1994,125;4,658;6,129;0,993663373;1,867711556;0,968579493;2,099546421
1994-03;147,2;1994,208333;5,192;6,738;0,994159434;1,84955115;0,961144999;2,026646531
1994-04;147,4;1994,291667;5,736;7,042;0,994474972;1,832502975;0,983962479;1,941284666
1994-05;147,5;1994,375;5,993;7,147;1,000137474;1,819905647;0,998424131;1,90755948
1994-06;148;1994,458333;6,177;7,32;1,001676302;1,818921833;0,99378337;1,903262193
1994-07;148,4;1994,541667;5,991;7,111;1,008507526;1,815815588;1,020940977;1,885040349
1994-08;149;1994,625;6,149;7,173;1,002142685;1,826327665;1,001535227;1,919327563
1994-09;149,4;1994,708333;6,585;7,603;0,997293494;1,822870813;0,976094005;1,914533466
1994-10;149,5;1994,791667;6,824;7,807;1,00120498;1,8130699;0,992283763;1,863761253
1994-11;149,7;1994,875;7,395;7,906;0,99551187;1,814040397;0,999715659;1,848142986
1994-12;149,7;1994,958333;7,699;7,822;1,000761411;1,803486057;1,012370715;1,845149056
1995-01;150,3;1995,041667;7,235;7,581;1,014696835;1,804859251;1,023283056;1,867974868
1995-02;150,9;1995,125;6,764;7,201;1,014473709;1,824074052;1,033194597;1,903836424
1995-03;151,4;1995,208333;6,778;7,196;1,005385695;1,843117415;1,006354557;1,9592123
1995-04;151,9;1995,291667;6,585;7,055;1,009114663;1,846924188;1,016033701;1,965150792
1995-05;152,2;1995,375;5,839;6,284;1,018983764;1,85762346;1,062671333;1,99008715
1995-06;152,5;1995,458333;5,793;6,203;1,005698417;1,889157091;1,011224799;2,110640086
1995-07;152,5;1995,541667;5,867;6,426;1,003489095;1,896184743;0,988846609;2,130132912
1995-08;152,9;1995,625;5,849;6,284;1,005214782;1,902800712;1,015814776;2,106374707
1995-09;153,2;1995,708333;5,851;6,182;1,004837988;1,907719548;1,012784366;2,134088942
1995-10;153,7;1995,791667;5,608;6,02;1,009282011;1,913195255;1,017226536;2,157139465
1995-11;153,6;1995,875;5,342;5,741;1,009509132;1,924671989;1,026075007;2,187161251
1995-12;153,5;1995,958333;5,15;5,572;1,00794874;1,944238906;1,017637719;2,245652559
1996-01;154,4;1996,041667;4,925;5,58;1,008398851;1,960969828;1,004035101;2,286749516
1996-02;154,9;1996,125;5,426;6,098;0,995003629;1,965913194;0,966175065;2,282593498
1996-03;155,7;1996,208333;5,761;6,327;0,998456389;1,949776718;0,988245787;2,198266183
1996-04;156,3;1996,291667;6,052;6,67;0,99954715;1,936764364;0,980437287;2,161265176
1996-05;156,6;1996,375;6,237;6,852;1,00170939;1,928455871;0,992486206;2,110850665
1996-06;156,7;1996,458333;6,107;6,711;1,007543246;1,928051678;1,015900691;2,090976778
1996-07;157;1996,541667;6,217;6,794;1,003106435;1,941355756;0,999615728;2,122869154
1996-08;157,3;1996,625;6,338;6,943;1,003002402;1,943665331;0,995002674;2,117998515
1996-09;157,8;1996,708333;6,102;6,703;1,009540306;1,945782938;1,02313784;2,10339496
1996-10;158,3;1996,791667;5,741;6,339;1,011622294;1,958122139;1,032332469;2,14524402
1996-11;158,6;1996,875;5,584;6,044;1,007631625;1,974623282;1,027247021;2,207610093
1996-12;158,6;1996,958333;5,868;6,418;0,999516802;1,985929261;0,977651857;2,263471307
1997-01;159,1;1997,041667;5,909;6,494;1,004148756;1,984969663;0,999802303;2,212886926
1997-02;159,6;1997,125;6,086;6,552;1,001729688;1,986940817;1,001190071;2,205496429
1997-03;160;1997,208333;6,42;6,903;0,999063283;1,984142086;0,980306196;2,201203453
1997-04;160,2;1997,291667;6,274;6,718;1,007980162;1,977327798;1,019119119;2,152458751
1997-05;160,1;1997,375;6,2;6,659;1,006562392;1,990618921;1,009872364;2,190873274
1997-06;160,3;1997,458333;6,068;6,5;1,007549408;2,004933663;1,01714895;2,213884323
1997-07;160,5;1997,541667;5,728;6,011;1,011214458;2,017549365;1,041879612;2,24904057
1997-08;160,8;1997,625;5,955;6,339;1,000671214;2,037632813;0,980907803;2,340309605
1997-09;161,2;1997,708333;5,779;6,103;1,008148473;2,035196395;1,022807693;2,291345064
1997-10;161,6;1997,791667;5,612;5,831;1,007843829;2,046688873;1,025532706;2,337789962
1997-11;161,5;1997,875;5,738;5,874;1,002394885;2,057636951;1,001633009;2,391545708
1997-12;161,3;1997,958333;5,646;5,742;1,006449229;2,063841885;1,014857636;2,396934374
1998-01;161,6;1998,041667;5,304;5,505;1,01092477;2,079727588;1,02286517;2,435563331
1998-02;161,9;1998,125;5,538;5,622;1,000174107;2,098545073;0,995708992;2,486628049
1998-03;162,2;1998,208333;5,563;5,654;1,00416149;2,095021172;1,0022602;2,471369968
1998-04;162,5;1998,291667;5,571;5,671;1,004490721;2,099848571;1,003424481;2,472374459
1998-05;162,8;1998,375;5,521;5,552;1,005549893;2,105384354;1,013784757;2,476261043
1998-06;163;1998,458333;5,471;5,446;1,005508671;2,113167779;1,012734816;2,505769662
1998-07;163,2;1998,541667;5,48;5,494;1,00439577;2,122201397;1,000874701;2,53456646
1998-08;163,4;1998,625;4,781;4,976;1,01734436;2,128917938;1,045058779;2,533674644
1998-09;163,6;1998,708333;4,273;4,42;1,013316851;2,163191686;1,048722123;2,644598001
1998-10;164;1998,791667;4,12;4,605;1,006375895;2,189318882;0,988977657;2,770057906
1998-11;164;1998,875;4,505;4,714;0,996376447;2,197903902;0,995216432;2,732843608
1998-12;163,9;1998,958333;4,529;4,648;1,003314361;2,189939681;1,009164304;2,719770864
1999-01;164,3;1999,041667;4,57;4,651;1,003023134;2,198538503;1,003635368;2,746370287
1999-02;164,5;1999,125;5,138;5,287;0,993461608;2,1998163;0,95487426;2,749643812
1999-03;165;1999,208333;4,987;5,242;1,007036368;2,182775978;1,007880034;2,622371924
1999-04;166,2;1999,291667;5,054;5,348;1,002934352;2,191473777;0,996224026;2,635027104
1999-05;166,2;1999,375;5,413;5,622;0,997689693;2,182034987;0,983664262;2,606123683
1999-06;166,2;1999,458333;5,512;5,78;1,002714037;2,176993815;0,992780445;2,56355073
1999-07;166,7;1999,541667;5,622;5,903;1,00259904;2,182902256;0,995600387;2,545043035
1999-08;167,1;1999,625;5,722;5,97;1,002873779;2,182011293;0,999914014;2,526245813
1999-09;167,9;1999,708333;5,596;5,877;1,007053286;2,183043653;1,011951563;2,519981845
1999-10;168,2;1999,791667;5,787;6,024;1,001206099;2,187966283;0,993942641;2,537949002
1999-11;168,3;1999,875;6,014;6,191;1,000722744;2,186698042;0,992667468;2,51807649
1999-12;168,3;1999,958333;6,214;6,442;1,001406594;2,186978241;0,986800227;2,4981274
2000-01;168,8;2000,041667;6,591;6,665;0,998407712;2,190054432;0,989218244;2,465152686
2000-02;169,8;2000,125;6,521;6,409;1,006750503;2,180090435;1,024306367;2,431350746
2000-03;171,2;2000,208333;6,479;6,004;1,006189277;2,181881305;1,035549697;2,475781101
2000-04;171,3;2000,291667;6,676;6,212;1,001864132;2,177432654;0,989632589;2,542828761
2000-05;171,5;2000,375;6,672;6,272;1,005635113;2,180218183;1,000754673;2,514997169
2000-06;172,4;2000,458333;6,362;6,031;1,011139799;2,189947104;1,023181033;2,513960015
2000-07;172,8;2000,541667;6,288;6,031;1,006634581;2,202782881;1,005025833;2,558808059
2000-08;172,8;2000,625;6,163;5,725;1,007494292;2,212264557;1,028138758;2,565715266
2000-09;173,7;2000,708333;5,979;5,802;1,00846012;2,228843915;0,998974997;2,637911308
2000-10;174;2000,791667;5,914;5,751;1,006157586;2,236054086;1,008682638;2,621553516
2000-11;174,1;2000,875;5,613;5,468;1,010385925;2,245943777;1,02641814;2,639756351
2000-12;174;2000,958333;5,096;5,112;1,014099084;2,267966551;1,032204829;2,707937519
2001-01;175,1;2001,041667;4,572;5,114;1,013845044;2,301264607;1,004104687;2,79675259
2001-02;175,8;2001,125;4,39;4,896;1,007149755;2,318468731;1,021360362;2,79059072
2001-03;176,2;2001,208333;4,18;4,917;1,007519864;2,325747538;1,002434462;2,838849833
2001-04;176,9;2001,291667;4,276;5,338;1,001719729;2,337917348;0,971736064;2,839300608
2001-05;177,7;2001,375;4,188;5,381;1,005181371;2,332670794;1,00114946;2,748133129
2001-06;178;2001,458333;4,242;5,412;1,002497641;2,334201202;1,002109254;2,738905765
2001-07;177,5;2001,541667;3,797;5,054;1,011748681;2,336087324;1,032387231;2,740056943
2001-08;177,5;2001,625;3,629;4,832;1,006270201;2,370191109;1,021675271;2,83676825
2001-09;178,3;2001,708333;2,851;4,588;1,01751899;2,385052683;1,02343746;2,898255971
2001-10;177,7;2001,791667;2,423;4,232;1,010383701;2,41594762;1,032613999;2,952874997
2001-11;177,4;2001,875;2,841;4,752;0,994230689;2,449276194;0,962470404;3,059475546
2001-12;176,7;2001,958333;3,026;5,051;0,998926745;2,439263617;0,98067387;2,949634352
2002-01;177,1;2002,041667;3,159;5,033;1,000051291;2,446298478;1,005612161;2,904088533
2002-02;177,8;2002,125;3,061;4,877;1,00445454;2,440898432;1,01644059;2,913790728
2002-03;178,8;2002,208333;3,711;5,396;0,99054315;2,442118868;0,964274644;2,950034949
2002-04;179,8;2002,291667;3,22;5,0847;1,012206964;2,405494898;1,028703428;2,828734259
2002-05;179,8;2002,375;3,1928;5,0427;1,003188384;2,421316648;1,007509452;2,893744377
2002-06;179,9;2002,458333;2,8104;4,7965;1,009787976;2,429036736;1,023601124;2,915474813
2002-07;180,1;2002,541667;2,2339;4,4588;1,01314853;2,451448659;1,031022563;2,982624439
2002-08;180,7;2002,625;2,149;4,1409;1,00345438;2,480923491;1,029534043;3,071738152
2002-09;181;2002,708333;1,6833;3,5942;1,010568241;2,481227377;1,048999218;3,151958307
2002-10;181,3;2002,791667;1,6697;3,8925;1,001659114;2,503293591;0,978486751;3,300921575
2002-11;181,3;2002,875;2,0563;4,2052;0,9941318;2,503297729;0,977923406;3,224563449
2002-12;180,9;2002,958333;1,5982;3,816;1,010355051;2,488607877;1,035595573;3,153376071
2003-01;181,7;2003,041667;1,6891;3,9625;0,99961867;2,519937247;0,991182752;3,272843133
2003-02;183,1;2003,125;1,508;3,6897;1,004826866;2,507885613;1,025928956;3,229702842
2003-03;184,2;2003,208333;1,4816;3,796;1,001755246;2,500722753;0,994301653;3,288110745
2003-04;183,8;2003,291667;1,4816;3,8359;1,001234667;2,490152184;0,999876462;3,249849999
2003-05;183,5;2003,375;1,3217;3,3699;1,004259279;2,498652648;1,042433145;3,256520224
2003-06;183,7;2003,458333;1,2999;3,5133;1,001513867;2,513397496;0,990815363;3,400254544
2003-07;183,9;2003,541667;1,7398;4,4055;0,992796767;2,514461889;0,931350607;3,365356478
2003-08;184,6;2003,625;1,9679;4,4636;0,997162788;2,493634736;0,99902265;3,13091807
2003-09;185,2;2003,708333;1,4577;3,9376;1,011277636;2,477130774;1,046845147;3,115997284
2003-10;185;2003,791667;1,8175;4,2927;0,994442355;2,496951185;0,974644151;3,251398708
2003-11;184,5;2003,875;2,0437;4,3316;0,997266444;2,48575842;1,000445791;3,172382634
2003-12;184,3;2003,958333;1,8189;4,2455;1,00593436;2,485681519;1,010568444;3,182397929
2004-01;185,2;2004,041667;1,8189;4,1319;1,00151575;2,503145885;1,012767846;3,219520919
2004-02;186,2;2004,125;1,641;3,9711;1,004870178;2,494757275;1,016606283;3,244781884
2004-03;187,4;2004,208333;1,5718;3,8348;1,002673212;2,493443668;1,014537911;3,280949939
2004-04;188;2004,291667;2,3145;4,5053;0,987398991;2,484099934;0,949651931;3,307333383
2004-05;189,1;2004,375;2,5323;4,6468;0,997858127;2,44496969;0,992528193;3,130791656
2004-06;189,7;2004,458333;2,6772;4,5806;0,99940599;2,425540882;1,009140501;3,089323157
2004-07;189,4;2004,541667;2,6771;4,4747;1,002232866;2,416432927;1,012285918;3,107700618
2004-08;189,5;2004,625;2,3911;4,1167;1,00758366;2,425664552;1,032836748;3,15086449
2004-09;189,9;2004,708333;2,605;4,1194;0,997997727;2,442770226;1,003211083;3,252611309
2004-10;190,9;2004,791667;2,5484;4,0235;1,003228503;2,432744052;1,011264036;3,256182504
2004-11;191;2004,875;2,9967;4,3492;0,993783466;2,42781348;0,977155345;3,275611124
2004-12;190,3;2004,958333;3,0651;4,2182;1,001225592;2,411457691;1,014225436;3,199105116
2005-01;190,7;2005,041667;3,2716;4,128;0,99872293;2,423294338;1,010845189;3,256548776
2005-02;191,8;2005,125;3,5958;4,3766;0,996730465;2,415123167;0,983469278;3,284961855
2005-03;193,3;2005,208333;3,7745;4,4815;0,999697376;2,393421052;0,995261019;3,212130781
2005-04;194,6;2005,291667;3,6495;4,1976;1,005455987;2,374129517;1,026731007;3,172100674
2005-05;194,4;2005,375;3,5736;3,981;1,004445279;2,371136141;1,021220624;3,235136861
2005-06;194,5;2005,458333;3,6331;3,913;1,001877991;2,384126786;1,008899058;3,307187444
2005-07;195,4;2005,541667;4,0147;4,276;0,995999207;2,38737608;0,973963889;3,334902812
2005-08;196,4;2005,625;3,8114;4,0137;1,007097503;2,366872573;1,024992551;3,233114485
2005-09;198,8;2005,708333;4,1649;4,324;0,996674958;2,371534639;0,978356737;3,297044953
2005-10;199,2;2005,791667;4,3738;4,5506;0,999636761;2,335114187;0,985545645;3,186744256
2005-11;197,6;2005,875;4,4068;4,484;1,003039373;2,329578702;1,009115837;3,134375333
2005-12;196,8;2005,958333;4,3996;4,3911;1,003804443;2,355579478;1,011194575;3,1885587
2006-01;198,3;2006,041667;4,5155;4,5152;1,001542155;2,374153102;0,993753594;3,237359981
2006-02;198,7;2006,125;4,6746;4,551;1,000851535;2,35982792;1,000909828;3,19280273
2006-03;199,8;2006,208333;4,8161;4,8472;1,001309776;2,357082817;0,980508202;3,189274399
2006-04;201,5;2006,291667;4,8583;5,0505;1,003242587;2,347176139;0,988205961;3,109893386
2006-05;202,5;2006,375;5,033;5,1186;1,000862959;2,334920373;0,998921467;3,047287311
2006-06;202,9;2006,458333;5,1498;5,1364;1,002066776;2,325394893;1,00288463;3,028968608
2006-07;203,5;2006,541667;4,95;4,9794;1,007937785;2,325607172;1,016547595;3,031717485
2006-08;203,9;2006,625;4,7754;4,7258;1,007316857;2,337156086;1,024196447;3,072798478
2006-09;202,9;2006,708333;4,6829;4,6276;1,005672026;2,349638269;1,011735977;3,140975376
2006-10;201,8;2006,791667;4,6926;4,5981;1,003724947;2,374611438;1,006202038;3,19349988
2006-11;201,5;2006,875;4,6084;4,4581;1,005452283;2,396448824;1,015036042;3,230821631
2006-12;201,8;2006,958333;4,808;4,7022;1,00019262;2,413102309;0,984398157;3,284282883
2007-01;202,416;2007,041667;4,9165;4,808;1,002025926;2,409979062;0,995586584;3,228235712
2007-02;203,499;2007,125;4,6423;4,5657;1,009116279;2,407512504;1,023302044;3,204207235
2007-03;205,352;2007,208333;4,5744;4,6443;1,005112313;2,416530732;0,997568123;3,261422008
2007-04;206,686;2007,291667;4,591;4,6222;1,003507986;2,406967678;1,005625591;3,224132658
2007-05;207,949;2007,375;4,9081;4,8879;0,998036482;2,399821655;0,983004081;3,221343935
2007-06;208,352;2007,458333;4,8582;5,0244;1,005001563;2,380562615;0,993429693;3,147361593
2007-07;208,299;2007,541667;4,5174;4,7388;1,010294458;2,38784157;1,026750044;3,120634748
2007-08;207,917;2007,625;4,132;4,5292;1,010854675;2,413036927;1,020668458;3,204927127
2007-09;208,49;2007,708333;3,9835;4,5865;1,006179273;2,443711187;0,999215664;3,277178054
2007-10;208,936;2007,791667;3,9452;4,4708;1,004025482;2,452053912;1,0130762;3,265607932
2007-11;210,177;2007,875;2,9947;3,9379;1,020971176;2,456669326;1,04741625;3,301247675
2007-12;210,036;2007,958333;3,0466;4,0232;1,001530509;2,493378852;0,996315881;3,437363834
2008-01;211,08;2008,041667;2,0929;3,5931;1,020441015;2,498871391;1,039188422;3,426999222
2008-02;211,693;2008,125;1,6158;3,5092;1,010742388;2,537338821;1,010012361;3,543683762
2008-03;213,528;2008,208333;1,5824;3,4096;1,001976647;2,557169592;1,011294851;3,568800207
2008-04;214,823;2008,291667;2,2537;3,7279;0,988737574;2,540205174;0,976487734;3,578093596
2008-05;216,632;2008,375;2,6411;4,0595;0,994645477;2,49645585;0,976073434;3,472902126
2008-06;218,815;2008,458333;2,6164;3,969;1,002662169;2,462353323;1,010791941;3,361500691
2008-07;219,964;2008,541667;2,5079;3,9462;1,004208659;2,444277546;1,005176068;3,36388
2008-08;219,086;2008,625;2,3669;3,8116;1,004729489;2,441743056;1,01438914;3,363629217
2008-09;218,783;2008,708333;1,9599;3,8234;1,00962242;2,463122962;1,002203708;3,425702856
2008-10;216,573;2008,791667;1,548;3,953;1,009407092;2,490268254;0,9925682;3,438006932
2008-11;212,425;2008,875;0,9807;2,92;1,012057338;2,539345209;1,092142342;3,447278462
2008-12;210,228;2008,958333;0,7643;2,2123;1,004933384;2,620146343;1,065396794;3,838435935
2009-01;211,143;2009,041667;0,9463;2,8403;0,997181378;2,660589608;0,947624388;4,132194452
2009-02;212,193;2009,125;0,9701;3,0131;1,000336812;2,641593095;0,987569938;3,898799039
2009-03;212,709;2009,208333;0,796;2,6629;1,004118918;2,629406951;1,033002504;3,831284004
2009-04;213,24;2009,291667;0,8987;3,1187;0,998712497;2,633832444;0,963383394;3,948125124
2009-05;213,856;2009,375;0,9146;3,4594;1,000446936;2,623891178;0,974033057;3,794086745
2009-06;215,693;2009,458333;1,1091;3,5326;0,99707528;2,617502543;0,99676649;3,684921045
2009-07;215,351;2009,541667;1,1113;3,4796;1,000882548;2,587619706;1,007383378;3,641723801
2009-08;215,834;2009,625;0,9683;3,3975;1,003640555;2,594016444;1,009803393;3,674438166
2009-09;215,969;2009,708333;0,9446;3,3053;1,001256904;2,597634;1,010618042;3,702156746
2009-10;216,177;2009,791667;0,8891;3,3828;1,001841517;2,59927318;0,996232987;3,739127648
2009-11;216,33;2009,875;0,6632;3,1978;1,005042084;2,601554226;1,018522762;3,721458166
2009-12;215,949;2009,958333;1,1354;3,8368;0,991604121;2,612822246;0,950027678;3,787709086
2010-01;216,687;2010,041667;0,8118;3,5844;1,007098432;2,595456419;1,024235786;3,604777196
2010-02;216,741;2010,125;0,8118;3,6117;1,0006765;2,604977648;1,000714359;3,67956698
2010-03;217,631;2010,208333;1,0158;3,8257;0,996805939;2,606090458;0,985372512;3,681278112
2010-04;218,009;2010,291667;0,9603;3,6532;1,001900103;2,587142905;1,017520257;3,612595919
2010-05;218,178;2010,375;0,7658;3,2848;1,004499769;2,58756444;1,034187824;3,669516002
2010-06;217,965;2010,458333;0,6014;2,9311;1,003770295;2,597194545;1,033142984;3,792029198
2010-07;218,011;2010,541667;0,5461;2,9052;1,001555317;2,609534338;1,004671805;3,921536829
2010-08;218,312;2010,625;0,4694;2,4683;1,001918289;2,613041527;1,040816974;3,939026181
2010-09;218,439;2010,708333;0,4222;2,5098;1,001292025;2,614444425;0,99841702;4,094152661
2010-10;218,711;2010,791667;0,3357;2,5993;1,002004197;2,616300356;0,99427512;4,085295135
2010-11;218,803;2010,875;0,4528;2,7968;0,998045464;2,618283654;0,985079333;4,056855717
2010-12;219,179;2010,958333;0,5934;3,2935;0,997698425;2,612067368;0,960358291;3,994644391
2011-01;220,223;2011,041667;0,562;3,3704;1,001092964;2,601584831;0,996269861;3,829708733
2011-02;221,309;2011,125;0,6802;3,4272;0,998218171;2,592081589;0,998039072;3,797335804
2011-03;223,467;2011,208333;0,8211;3,4703;0,997888299;2,574765832;0,999244149;3,771291884
2011-04;224,906;2011,291667;0,6013;3,2863;1,004871857;2,544516927;1,018445654;3,732049864
2011-05;225,964;2011,375;0,4685;3,0607;1,00303453;2,540553733;1,022013326;3,776571
2011-06;225,722;2011,458333;0,4576;3,16;1,00059838;2,536331741;0,994106406;3,84163412
2011-07;225,922;2011,541667;0,3554;2,7961;1,002333222;2,540570299;1,034117261;3,823087488
2011-08;226,545;2011,625;0,1995;2,2234;1,003278297;2,544243698;1,053255515;3,950020862
2011-09;226,889;2011,708333;0,243;1,9154;0,999334523;2,545564863;1,029650529;4,148940187
2011-10;226,421;2011,791667;0,2382;2,1133;1,000294281;2,540013932;0,983905054;4,265481485
2011-11;226,23;2011,875;0,2539;2,068;0,999898346;2,546013027;1,005819493;4,20550341
2011-12;225,672;2011,958333;0,2391;1,8762;1,000494573;2,547903528;1,019066571;4,233548568
2012-01;226,665;2012,041667;0,2147;1,7971;1,000665914;2,555466752;1,008743452;4,324935347
2012-02;227,663;2012,125;0,2932;1,9705;0,998678736;2,545965737;0,985889463;4,343637374
2012-03;229,392;2012,208333;0,3287;2,2088;0,999566148;2,53145591;0,980437167;4,263573915
2012-04;230,085;2012,291667;0,2559;1,9137;1,001665686;2,511285528;1,028476297;4,148659097
2012-05;229,815;2012,375;0,2618;1,5578;1,000100462;2,507892124;1,034277577;4,25394625
2012-06;229,478;2012,458333;0,3011;1,6449;0,99946718;2,511090786;0,993333448;4,404930315
2012-07;229,104;2012,541667;0,2113;1,4679;1,001968452;2,513438525;1,017696243;4,381990353
2012-08;230,379;2012,625;0,2205;1,5484;1,000000138;2,522497238;0,993827433;4,466815069
2012-09;231,407;2012,708333;0,2304;1,6335;0,999994436;2,50853718;0,993504189;4,414674988
2012-10;231,317;2012,791667;0,2814;1,6901;0,999217245;2,497379387;0,996196904;4,366513782
2012-11;230,221;2012,875;0,2461;1,6156;1,000909421;2,496395463;1,008230657;4,351599957
2012-12;229,601;2012,958333;0,2468;1,7574;1,0001917;2,510560993;0,988450274;4,408303406
2013-01;230,28;2013,041667;0,2618;1,9849;0,999918918;2,517822926;0,981000957;4,369155126
2013-02;232,166;2013,125;0,2343;1,8756;1,000744017;2,510195365;1,011537665;4,273507297
2013-03;232,773;2013,208333;0,2421;1,8486;1,000046111;2,491656255;1,0040077;4,287697225
2013-04;232,531;2013,291667;0,2074;1,6717;1,000865456;2,48527338;1,01769579;4,293655229
2013-05;232,945;2013,375;0,2933;2,1282;0,998531236;2,49001299;0,960613915;4,374182425
2013-06;233,504;2013,458333;0,3554;2,4857;0,999058386;2,481936888;0,970381578;4,194432705
2013-07;233,596;2013,541667;0,3089;2,5762;1,001184669;2,473663792;0,994158974;4,060456316
2013-08;233,877;2013,625;0,3987;2,7839;0,998543093;2,475618878;0,984166589;4,035149247
2013-09;234,149;2013,708333;0,3168;2,61;1,001897038;2,469042044;1,017499514;3,966487656
2013-10;233,546;2013,791667;0,305;2,5542;1,000489478;2,470852298;1,007058744;4,031210947
2013-11;233,069;2013,875;0,2814;2,7445;1,00070523;2,478444423;0,9856236;4,070148017
2013-12;233,049;2013,958333;0,3799;3,0282;0,998353737;2,485268268;0,978011049;4,019844167
2014-01;233,916;2014,041667;0,3277;2,644;1,001313812;2,481389793;1,036005623;3,931789405
2014-02;234,781;2014,125;0,3169;2,6476;1,000479429;2,475440621;1,001889656;4,058258208
2014-03;236,293;2014,208333;0,4183;2,718;0,998328689;2,467502819;0,996092758;4,050946887
2014-04;237,072;2014,291667;0,4104;2,6459;1,00049938;2,447616099;1,008547775;4,009298796
2014-05;237,9;2014,375;0,373;2,4759;1,001056166;2,4407917;1,017139549;4,030282528
2014-06;238,343;2014,458333;0,4567;2,5304;0,998713887;2,434865547;0,997287853;4,08509212
2014-07;238,25;2014,541667;0,5276;2,5578;0,99902881;2,427214253;0,999710968;4,066440521
2014-08;237,852;2014,625;0,4882;2,3431;1,001191159;2,425803501;1,021113509;4,066852053
2014-09;238,031;2014,708333;0,567;2,4888;0,99890503;2,432756974;0,989160627;4,159666351
2014-10;237,433;2014,791667;0,4914;2,3353;1,001914404;2,428265741;1,015650289;4,111484001
2014-11;236,151;2014,875;0,4685;2,164;1,000846367;2,439041973;1,017221962;4,186347182
2014-12;234,812;2014,958333;0,6645;2,1712;0,996658598;2,454358405;1,001161487;4,281562236
2015-01;233,707;2015,041667;0,4488;1,6407;1,004669503;2,460106459;1,050329952;4,310978902
2015-02;234,722;2015,125;0,6184;1,993;0,997143349;2,483279982;0,969690385;4,549359056
2015-03;236,119;2015,208333;0,5551;1,9231;1,001721874;2,465478435;1,007967118;4,392393371
2015-04;236,599;2015,291667;0,567;2,0317;1,000235788;2,455111539;0,991856098;4,401193409
2015-05;237,805;2015,375;0,6053;2,1214;0,999742841;2,450708446;0,993677552;4,356494318
2015-06;238,638;2015,458333;0,6427;2,3531;0,99979217;2,437652943;0,981292652;4,306996849
2015-07;238,654;2015,541667;0,6606;2,1801;1,000194756;2,428639118;1,017376443;4,211671422
2015-08;238,316;2015,625;0,7375;2,2179;0,999087398;2,428949256;0,998454622;4,284568022
2015-09;237,945;2015,708333;0,6289;2,0368;1,00268305;2,43017439;1,018097368;4,284014093
2015-10;237,838;2015,791667;0,724;2,1421;0,998714464;2,440493924;0,992297175;4,368343923
2015-11;237,336;2015,875;0,9304;2,206;0,996683903;2,438453114;0,996098232;4,336645452
2015-12;236,525;2015,958333;1,0477;2,2694;0,998550468;2,435507546;0,996213153;4,328861711
2016-01;236,916;2016,041667;0,7737;1,9209;1,006084335;2,440315994;1,033335715;4,327255625
2016-02;237,111;2016,125;0,7737;1,7347;1,00064475;2,451111757;1,01855344;4,464128125
2016-03;238,132;2016,208333;0,7211;1,7687;1,001645683;2,450675018;0,998355133;4,543213644
2016-04;239,261;2016,291667;0,7816;1,8333;0,999450348;2,444183398;0,995620412;4,516293502
2016-05;240,229;2016,375;0,877;1,8458;0,998838772;2,431312927;1,000395791;4,475296312
2016-06;241,018;2016,458333;0,5817;1,4697;1,006357959;2,418704048;1,03622449;4,459027302
2016-07;240,628;2016,541667;0,6554;1,4531;0,999081383;2,426113822;1,002756946;4,60542738
2016-08;240,849;2016,625;0,8053;1,58;0,997696091;2,427813686;0,989570081;4,625609163
2016-09;241,428;2016,708333;0,7619;1,5944;1,001496612;2,419997627;0,999996646;4,5731643
2016-10;241,729;2016,791667;0,8409;1,8255;0,999133409;2,417807027;0,98038043;4,562181494
2016-11;241,353;2016,875;1,113;2,3809;0,9955431;2,412703741;0,952506313;4,467104101
2016-12;241,432;2016,958333;1,1883;2,4443;0,99950126;2,405692522;0,996405909;4,261573568
2017-01;242,839;2017,041667;1,2044;2,4531;1,000685352;2,403705921;1,001262985;4,244867648
2017-02;243,603;2017,125;1,2601;2,3899;0,999949419;2,391416781;1,007619344;4,225603188
2017-03;243,801;2017,208333;1,254;2,3874;1,001165547;2,383796118;1,002212144;4,244445988
2017-04;244,524;2017,291667;1,2619;2,2802;1,000895477;2,384636316;1,011495911;4,250380612
2017-05;244,733;2017,375;1,2818;2,2028;1,000675012;2,379714581;1,008789526;4,286530759
2017-06;244,955;2017,458333;1,3817;2,3037;0,999179621;2,379287289;0,992898029;4,320514494
2017-07;244,786;2017,541667;1,3491;2,2942;1,001767899;2,375180819;1,002761636;4,2859425
2017-08;245,519;2017,625;1,3255;2,117;1,001570642;2,381022619;1,017749662;4,300745895
2017-09;246,819;2017,708333;1,4827;2,3336;0,998135801;2,377642617;0,982605442;4,364014847
2017-10;246,663;2017,791667;1,5997;2,3793;0,999028562;2,360710478;0,997911259;4,265519216
2017-11;246,669;2017,875;1,782;2,4097;0,997900501;2,359908755;0,999303603;4,25930171
2017-12;246,524;2017,958333;1,883;2,4054;0,999585147;2,354896847;1,00238712;4,256232015
2018-01;247,867;2018,041667;2,1406;2,705;0,996735969;2,355304434;0,975970938;4,268901549
2018-02;248,991;2018,125;2,25;2,8606;0,99973345;2,334896724;0,988833202;4,143749757
2018-03;249,554;2018,208333;2,2661;2,7389;1,001573301;2,323736932;1,012941807;4,078980427
2018-04;250,546;2018,291667;2,4879;2,9531;0,997741212;2,322142213;0,98388804;4,12244843
2018-05;251,588;2018,375;2,4274;2,8586;1,003205154;2,307723573;1,010612599;4,039968462
2018-06;251,989;2018,458333;2,5282;2,8601;1,000138832;2,305531668;1,002252784;4,06593315
2018-07;252,006;2018,541667;2,6694;2,9598;0,999471423;2,302182357;0,993824424;4,068607964
2018-08;252,146;2018,625;2,6269;2,8604;1,00301807;2,300810256;1,011040129;4,043209199
2018-09;252,439;2018,708333;2,8188;3,0612;0,998612679;2,306472919;0,985228185;4,085577038
2018-10;252,885;2018,791667;2,8669;3,1435;1,001452996;2,300599746;0,995546988;4,020553667
2018-11;252,038;2018,875;2,7865;2,9879;1,003887962;2,299879165;1,01595965;3,995590829
2018-12;251,233;2018,958333;2,4878;2,6842;1,007907166;2,316580041;1,028905936;4,073000959
2019-01;251,712;2019,041667;2,4576;2,6293;1,002638014;2,342379096;1,007024597;4,204162802
2019-02;252,776;2019,125;2,5141;2,715;1,00099184;2,344089092;0,994747783;4,225638765
2019-03;254,202;2019,208333;2,26;2,405;1,006856972;2,336537386;1,0295889;4,185751399
2019-04;255,548;2019,291667;2,2661;2,5018;1,001769025;2,33936178;0,993510747;4,285427548
2019-05;256,092;2019,375;1,9221;2,1246;1,008356694;2,331156691;1,035785973;4,235192972
2019-06;256,143;2019,458333;1,7549;2,0051;1,004750857;2,345644143;1,012509003;4,377434969
2019-07;256,571;2019,541667;1,8721;2,0144;0,999257596;2,356318708;1,000835576;4,431309832
2019-08;256,558;2019,625;1,504;1,4961;1,008510322;2,350641582;1,049418124;4,427614242
2019-09;256,759;2019,708333;1,6217;1,6646;0,999033592;2,370766421;0,985853278;4,646654069
2019-10;257,346;2019,791667;1,5239;1,691;1,003197651;2,366621168;0,99897846;4,577333039
2019-11;257,208;2019,875;1,6119;1,7758;0,999610136;2,36877333;0,993703873;4,562226991
2019-12;256,974;2019,958333;1,5691;1,9175;1,002150851;2,369120254;0,988692387;4,535934992
2020-01;257,971;2020,041667;1,3132;1,5068;1,006148507;2,376377833;1,039406867;4,488728103
2020-02;258,678;2020,125;0,913;1,1486;1,008695244;2,381748374;1,034813677;4,647583259
2020-03;258,115;2020,208333;0,2455;0,6695;1,013523228;2,395892031;1,046912682;4,796238063
2020-04;256,389;2020,291667;0,1956;0,6393;1,001159132;2,433588813;1,003459044;5,03219478
2020-05;256,394;2020,375;0,1603;0,6526;1,0008385;2,452811471;0,999255941;5,083595069
2020-06;257,797;2020,458333;0,1485;0,6561;1,000359414;2,45482028;1,000207889;5,079713512
2020-07;259,101;2020,541667;0,1054;0,5282;1,000948963;2,44233799;1,012901065;5,053118627
2020-08;259,918;2020,625;0,1309;0,7048;0,999599723;2,432352249;0,983530124;5,092549884
2020-09;260,28;2020,708333;0,127;0,684;1,000183738;2,423736083;1,002581051;4,992932451
2020-10;260,388;2020,791667;0,1525;0,8737;0,999617828;2,420809841;0,982556275;4,99885732
2020-11;260,229;2020,875;0,1485;0,8389;1,000203636;2,41888099;1,004038327;4,909621443
2020-12;260,474;2020,958333;0,1211;0,9132;1,000648281;2,4208518;0,993657336;4,932459994
2021-01;261,582;2021,041667;0,1093;1,0655;1,000326836;2,420142681;0,986434482;4,896565046
2021-02;263,014;2021,125;0,127;1,4049;0,999752264;2,410679164;0,969487232;4,80968126
2021-03;264,877;2021,208333;0,1603;1,7404;0,999468605;2,396960074;0,970633398;4,637536918
2021-04;267,054;2021,291667;0,1584;1,6259;1,000169942;2,378836395;1,011930273;4,469688194
2021-05;269,195;2021,375;0,1407;1,5943;1,000470773;2,359845305;1,004251644;4,486141604
2021-06;271,696;2021,458333;0,2486;1,468;0,998054299;2,342178764;1,012977734;4,469383562
2021-07;273,003;2021,541667;0,1839;1,2223;1,001444972;2,316103448;1,024158823;4,485710806
2021-08;273,567;2021,625;0,2093;1,3088;0,999667434;2,308345802;0,992978112;4,572086171
2021-09;274,31;2021,708333;0,2755;1,4873;0,998909072;2,302820701;0,984642379;4,530621631
2021-10;276,589;2021,791667;0,497;1,5521;0,996005194;2,294077842;0,995287085;4,448958821
2021-11;277,948;2021,875;0,565;1,4443;0,999118168;2,26608653;1,011247733;4,391506104
2021-12;278,802;2021,958333;0,7322;1,5101;0,997289512;2,253018182;0,995147024;4,419187236
2022-01;281,148;2022,041667;1,1787;1,7767;0,992152302;2,240028876;0,977035047;4,384270279
2022-02;283,716;2022,125;1,4323;1,825;0,996190516;2,203904885;0,997102287;4,247841936
2022-03;287,504;2022,208333;2,3345;2,338;0,98429864;2,175636922;0,956154489;4,197195809
2022-04;289,109;2022,291667;2,7146;2,9336;0,994854258;2,113261506;0,950753943;3,960292248
2022-05;292,296;2022,375;2,5565;2,8441;1,005216305;2,090715722;1,010170369;3,744360463
2022-06;296,311;2022,458333;2,9533;3,0129;0,994745158;2,078706858;0,98791549;3,741200773
2022-07;296,276;2022,541667;2,8844;2,6487;1,003744327;2,039765212;1,034242801;3,645909703
2022-08;296,171;2022,625;3,4929;3,1926;0,991138427;2,047644626;0,956026841;3,771201314
2022-09;296,808;2022,708333;4,2787;3,8286;0,988475293;2,030218781;0,950250392;3,606647873
2022-10;298,012;2022,791667;4,4824;4,0478;0,99983102;2,002514128;0,985310845;3,419863166
2022-11;297,711;2022,875;4,3102;3,6054;1,006897736;1,994086741;1,040212486;3,356014612
2022-12;296,797;2022,958333;4,4258;3,8748;1,001471285;2,009871447;0,980852222;3,494497838
2023-01;299,17;2023,041667;4,2011;3,5069;1,007819146;2,019027138;1,034006617;3,438141377
2023-02;300,84;2023,125;4,8158;3,92;0,992268062;2,018674173;0,969025523;3,526862388
2023-03;301,836;2023,208333;4,0253;3,4676;1,018571217;1,991946642;1,041183343;3,39864804
2023-04;303,363;2023,291667;4,0064;3,422;1,003702549;2,022244409;1,006719715;3,526938984
2023-05;304,127;2023,375;4,4027;3,6426;0,996067349;2,019515063;0,984513991;3,532766608
2023-06;305,109;2023,458333;4,8954;3,8367;0,994672485;2,006519726;0,987046581;3,469320893
2023-07;305,691;2023,541667;4,8766;3,9588;1,004422841;1,989406339;0,993196454;3,413359878
2023-08;307,026;2023,625;4,8629;4,1081;1,004314068;1,994400817;0,991155042;3,3836825
2023-09;307,789;2023,708333;5,0436;4,5711;1,000757726;1,9942954;0,966561939;3,339171292
2023-10;307,671;2023,791667;5,0873;4,9307;1,003406562;1,990858983;0,975649046;3,219514959
2023-11;307,051;2023,875;4,6802;4,3264;1,011688557;1,998407117;1,05276692;3,142321401
2023-12;306,746;2023,958333;4,2499;3,8791;1,011807187;2,025847978;1,040378626;3,314811832
2024-01;308,417;2024,041667;4,2067;3,9124;1,004335747;2,051805645;1,000499185;3,452088408
2024-02;310,326;2024,125;4,6187;4,2502;0,995962228;2,049536894;0,975964599;3,435098924
2024-03;312,332;2024,208333;4,62;4,2003;1,003825115;2,028704318;1,007583319;3,331911506
2024-04;313,548;2024,291667;5,0351;4,6798;0,99628088;2,023384843;0,965515758;3,335616461
2024-05;314,069;2024,375;4,8727;4,4985;1,007161912;2,008041736;1,018382349;3,208100182
2024-06;314,175;2024,458333;4,7535;4,3961;1,006240143;2,019068215;1,011967407;3,261652946
2024-07;314,54;2024,541667;4,2575;4,0296;1,013074866;2,030982022;1,03358334;3,299572851
2024-08;314,796;2024,625;3,9165;3,9034;1,009834591;2,055149224;1,013721356;3,406426036
2024-09;315,301;2024,708333;3,6411;3,7809;1,00835482;2,07367304;1,013370082;3,450358618
2024-10;315,664;2024,791667;4,1702;4,2844;0,993304094;2,08764917;0,962530171;3,490890062
2024-11;315,493;2024,875;4,1509;4,1685;1,003830161;2,071285837;1,012971139;3,356223053
2024-12;315,605;2024,958333;4,2416;4,569;1,00179228;2,080346151;0,971585087;3,401599787
2025-01;317,671;2025,041667;4,1971;4,5387;1,004352806;2,083335131;1,006223424;3,303770785
2025-02;;;;;1,003260445;2,078795362;1,010883626;3,302711482
